,Movie Title,Movie URL
0,A Few Good Men,https://imsdb.com/Movie Scripts/A Few Good Men Script.html
1,A Most Violent Year,https://imsdb.com/Movie Scripts/A Most Violent Year Script.html
2,A Prayer Before Dawn,https://imsdb.com/Movie Scripts/A Prayer Before Dawn Script.html
3,A Quiet Place,https://imsdb.com/Movie Scripts/A Quiet Place Script.html
4,A Scanner Darkly,https://imsdb.com/Movie Scripts/A Scanner Darkly Script.html
5,A Serious Man,https://imsdb.com/Movie Scripts/A Serious Man Script.html
6,A.I.,https://imsdb.com/Movie Scripts/A.I. Script.html
7,Above the Law,https://imsdb.com/Movie Scripts/Above the Law Script.html
8,Absolute Power,https://imsdb.com/Movie Scripts/Absolute Power Script.html
9,"Abyss, The","https://imsdb.com/Movie Scripts/Abyss, The Script.html"
10,Ace Ventura: Pet Detective,https://imsdb.com/Movie Scripts/Ace Ventura: Pet Detective Script.html
11,Adaptation,https://imsdb.com/Movie Scripts/Adaptation Script.html
12,"Addams Family, The","https://imsdb.com/Movie Scripts/Addams Family, The Script.html"
13,"Adjustment Bureau, The","https://imsdb.com/Movie Scripts/Adjustment Bureau, The Script.html"
14,"Adventures of Buckaroo Banzai Across the Eighth Dimension, The","https://imsdb.com/Movie Scripts/Adventures of Buckaroo Banzai Across the Eighth Dimension, The Script.html"
15,Affliction,https://imsdb.com/Movie Scripts/Affliction Script.html
16,After School Special,https://imsdb.com/Movie Scripts/After School Special Script.html
17,After.Life,https://imsdb.com/Movie Scripts/After.Life Script.html
18,Agnes of God,https://imsdb.com/Movie Scripts/Agnes of God Script.html
19,Air Force One,https://imsdb.com/Movie Scripts/Air Force One Script.html
20,Airplane,https://imsdb.com/Movie Scripts/Airplane Script.html
21,Airplane 2: The Sequel,https://imsdb.com/Movie Scripts/Airplane 2: The Sequel Script.html
22,Aladdin,https://imsdb.com/Movie Scripts/Aladdin Script.html
23,Ali,https://imsdb.com/Movie Scripts/Ali Script.html
24,Alien,https://imsdb.com/Movie Scripts/Alien Script.html
25,Alien 3,https://imsdb.com/Movie Scripts/Alien 3 Script.html
26,Alien Nation,https://imsdb.com/Movie Scripts/Alien Nation Script.html
27,Alien vs. Predator,https://imsdb.com/Movie Scripts/Alien vs. Predator Script.html
28,Alien: Resurrection,https://imsdb.com/Movie Scripts/Alien: Resurrection Script.html
29,Aliens,https://imsdb.com/Movie Scripts/Aliens Script.html
30,All About Eve,https://imsdb.com/Movie Scripts/All About Eve Script.html
31,All About Steve,https://imsdb.com/Movie Scripts/All About Steve Script.html
32,All the King's Men,https://imsdb.com/Movie Scripts/All the King's Men Script.html
33,All the President's Men,https://imsdb.com/Movie Scripts/All the President's Men Script.html
34,Almost Famous,https://imsdb.com/Movie Scripts/Almost Famous Script.html
35,Alone in the Dark,https://imsdb.com/Movie Scripts/Alone in the Dark Script.html
36,Amadeus,https://imsdb.com/Movie Scripts/Amadeus Script.html
37,Amelia,https://imsdb.com/Movie Scripts/Amelia Script.html
38,American Beauty,https://imsdb.com/Movie Scripts/American Beauty Script.html
39,American Gangster,https://imsdb.com/Movie Scripts/American Gangster Script.html
40,American Graffiti,https://imsdb.com/Movie Scripts/American Graffiti Script.html
41,American History X,https://imsdb.com/Movie Scripts/American History X Script.html
42,American Hustle,https://imsdb.com/Movie Scripts/American Hustle Script.html
43,American Madness,https://imsdb.com/Movie Scripts/American Madness Script.html
44,American Milkshake,https://imsdb.com/Movie Scripts/American Milkshake Script.html
45,American Outlaws,https://imsdb.com/Movie Scripts/American Outlaws Script.html
46,American Pie,https://imsdb.com/Movie Scripts/American Pie Script.html
47,"American President, The","https://imsdb.com/Movie Scripts/American President, The Script.html"
48,American Psycho,https://imsdb.com/Movie Scripts/American Psycho Script.html
49,American Shaolin: King of Kickboxers II,https://imsdb.com/Movie Scripts/American Shaolin: King of Kickboxers II Script.html
50,American Sniper,https://imsdb.com/Movie Scripts/American Sniper Script.html
51,American Splendor,https://imsdb.com/Movie Scripts/American Splendor Script.html
52,American Werewolf in London,https://imsdb.com/Movie Scripts/American Werewolf in London Script.html
53,"American, The","https://imsdb.com/Movie Scripts/American, The Script.html"
54,"Amityville Asylum, The","https://imsdb.com/Movie Scripts/Amityville Asylum, The Script.html"
55,Amour,https://imsdb.com/Movie Scripts/Amour Script.html
56,An Education,https://imsdb.com/Movie Scripts/An Education Script.html
57,Analyze That,https://imsdb.com/Movie Scripts/Analyze That Script.html
58,Analyze This,https://imsdb.com/Movie Scripts/Analyze This Script.html
59,Anastasia,https://imsdb.com/Movie Scripts/Anastasia Script.html
60,Angel Eyes,https://imsdb.com/Movie Scripts/Angel Eyes Script.html
61,Angels & Demons,https://imsdb.com/Movie Scripts/Angels %2526 Demons Script.html
62,Anna Karenina,https://imsdb.com/Movie Scripts/Anna Karenina Script.html
63,Annie Hall,https://imsdb.com/Movie Scripts/Annie Hall Script.html
64,"Anniversary Party, The","https://imsdb.com/Movie Scripts/Anniversary Party, The Script.html"
65,Anonymous,https://imsdb.com/Movie Scripts/Anonymous Script.html
66,Antitrust,https://imsdb.com/Movie Scripts/Antitrust Script.html
67,Antz,https://imsdb.com/Movie Scripts/Antz Script.html
68,"Apartment, The","https://imsdb.com/Movie Scripts/Apartment, The Script.html"
69,Apocalypse Now,https://imsdb.com/Movie Scripts/Apocalypse Now Script.html
70,Apollo 13,https://imsdb.com/Movie Scripts/Apollo 13 Script.html
71,April Fool's Day,https://imsdb.com/Movie Scripts/April Fool's Day Script.html
72,Apt Pupil,https://imsdb.com/Movie Scripts/Apt Pupil Script.html
73,Arbitrage,https://imsdb.com/Movie Scripts/Arbitrage Script.html
74,Arcade,https://imsdb.com/Movie Scripts/Arcade Script.html
75,Arctic Blue,https://imsdb.com/Movie Scripts/Arctic Blue Script.html
76,Argo,https://imsdb.com/Movie Scripts/Argo Script.html
77,Armageddon,https://imsdb.com/Movie Scripts/Armageddon Script.html
78,Army of Darkness,https://imsdb.com/Movie Scripts/Army of Darkness Script.html
79,Arsenic and Old Lace,https://imsdb.com/Movie Scripts/Arsenic and Old Lace Script.html
80,Arthur,https://imsdb.com/Movie Scripts/Arthur Script.html
81,"Artist, The","https://imsdb.com/Movie Scripts/Artist, The Script.html"
82,As Good As It Gets,https://imsdb.com/Movie Scripts/As Good As It Gets Script.html
83,Assassins,https://imsdb.com/Movie Scripts/Assassins Script.html
84,"Assignment, The","https://imsdb.com/Movie Scripts/Assignment, The Script.html"
85,At First Sight,https://imsdb.com/Movie Scripts/At First Sight Script.html
86,August: Osage County,https://imsdb.com/Movie Scripts/August: Osage County Script.html
87,Austin Powers - International Man of Mystery,https://imsdb.com/Movie Scripts/Austin Powers - International Man of Mystery Script.html
88,Austin Powers - The Spy Who Shagged Me,https://imsdb.com/Movie Scripts/Austin Powers - The Spy Who Shagged Me Script.html
89,Authors Anonymous,https://imsdb.com/Movie Scripts/Authors Anonymous Script.html
90,Autumn in New York,https://imsdb.com/Movie Scripts/Autumn in New York Script.html
91,Avatar,https://imsdb.com/Movie Scripts/Avatar Script.html
92,"Avengers, The","https://imsdb.com/Movie Scripts/Avengers, The Script.html"
93,"Avengers, The (2012)","https://imsdb.com/Movie Scripts/Avengers, The (2012) Script.html"
94,Avengers: Endgame,https://imsdb.com/Movie Scripts/Avengers: Endgame Script.html
95,"Avventura, L' (The Adventure)","https://imsdb.com/Movie Scripts/Avventura, L' (The Adventure) Script.html"
96,Awakenings,https://imsdb.com/Movie Scripts/Awakenings Script.html
0,Babel,https://imsdb.com/Movie Scripts/Babel Script.html
1,Bachelor Party,https://imsdb.com/Movie Scripts/Bachelor Party Script.html
2,"Bachelor Party, The","https://imsdb.com/Movie Scripts/Bachelor Party, The Script.html"
3,Back to the Future,https://imsdb.com/Movie Scripts/Back to the Future Script.html
4,Back to the Future II & III,https://imsdb.com/Movie Scripts/Back to the Future II %2526 III Script.html
5,"Back-up Plan, The","https://imsdb.com/Movie Scripts/Back-up Plan, The Script.html"
6,Backdraft,https://imsdb.com/Movie Scripts/Backdraft Script.html
7,Bad Boys,https://imsdb.com/Movie Scripts/Bad Boys Script.html
8,Bad Country,https://imsdb.com/Movie Scripts/Bad Country Script.html
9,Bad Day at Black Rock,https://imsdb.com/Movie Scripts/Bad Day at Black Rock Script.html
10,Bad Dreams,https://imsdb.com/Movie Scripts/Bad Dreams Script.html
11,Bad Lieutenant,https://imsdb.com/Movie Scripts/Bad Lieutenant Script.html
12,Bad Santa,https://imsdb.com/Movie Scripts/Bad Santa Script.html
13,Bad Teacher,https://imsdb.com/Movie Scripts/Bad Teacher Script.html
14,Badlands,https://imsdb.com/Movie Scripts/Badlands Script.html
15,Bamboozled,https://imsdb.com/Movie Scripts/Bamboozled Script.html
16,Barry Lyndon,https://imsdb.com/Movie Scripts/Barry Lyndon Script.html
17,Barton Fink,https://imsdb.com/Movie Scripts/Barton Fink Script.html
18,Basic,https://imsdb.com/Movie Scripts/Basic Script.html
19,Basic Instinct,https://imsdb.com/Movie Scripts/Basic Instinct Script.html
20,Basquiat,https://imsdb.com/Movie Scripts/Basquiat Script.html
21,Batman,https://imsdb.com/Movie Scripts/Batman Script.html
22,Batman 2,https://imsdb.com/Movie Scripts/Batman 2 Script.html
23,Batman and Robin,https://imsdb.com/Movie Scripts/Batman and Robin Script.html
24,Batman Begins,https://imsdb.com/Movie Scripts/Batman Begins Script.html
25,Batman Forever,https://imsdb.com/Movie Scripts/Batman Forever Script.html
26,Batman Returns,https://imsdb.com/Movie Scripts/Batman Returns Script.html
27,"Battle of Algiers, The","https://imsdb.com/Movie Scripts/Battle of Algiers, The Script.html"
28,"Battle of Shaker Heights, The","https://imsdb.com/Movie Scripts/Battle of Shaker Heights, The Script.html"
29,Battle: Los Angeles,https://imsdb.com/Movie Scripts/Battle: Los Angeles Script.html
30,"Beach, The","https://imsdb.com/Movie Scripts/Beach, The Script.html"
31,Bean,https://imsdb.com/Movie Scripts/Bean Script.html
32,Beasts of No Nation,https://imsdb.com/Movie Scripts/Beasts of No Nation Script.html
33,Beasts of the Southern Wild,https://imsdb.com/Movie Scripts/Beasts of the Southern Wild Script.html
34,Beauty and the Beast,https://imsdb.com/Movie Scripts/Beauty and the Beast Script.html
35,Beavis and Butt-head Do America,https://imsdb.com/Movie Scripts/Beavis and Butt-head Do America Script.html
36,Beginners,https://imsdb.com/Movie Scripts/Beginners Script.html
37,Being Human,https://imsdb.com/Movie Scripts/Being Human Script.html
38,Being John Malkovich,https://imsdb.com/Movie Scripts/Being John Malkovich Script.html
39,Being There,https://imsdb.com/Movie Scripts/Being There Script.html
40,"Believer, The","https://imsdb.com/Movie Scripts/Believer, The Script.html"
41,Belle,https://imsdb.com/Movie Scripts/Belle Script.html
42,Beloved,https://imsdb.com/Movie Scripts/Beloved Script.html
43,Benny & Joon,https://imsdb.com/Movie Scripts/Benny %2526 Joon Script.html
44,"Best Exotic Marigold Hotel, The","https://imsdb.com/Movie Scripts/Best Exotic Marigold Hotel, The Script.html"
45,Big,https://imsdb.com/Movie Scripts/Big Script.html
46,"Big Blue, The","https://imsdb.com/Movie Scripts/Big Blue, The Script.html"
47,Big Eyes,https://imsdb.com/Movie Scripts/Big Eyes Script.html
48,Big Fish,https://imsdb.com/Movie Scripts/Big Fish Script.html
49,"Big Lebowski, The","https://imsdb.com/Movie Scripts/Big Lebowski, The Script.html"
50,"Big Sick, The","https://imsdb.com/Movie Scripts/Big Sick, The Script.html"
51,"Big White, The","https://imsdb.com/Movie Scripts/Big White, The Script.html"
52,Birdman,https://imsdb.com/Movie Scripts/Birdman Script.html
53,"Birds, The","https://imsdb.com/Movie Scripts/Birds, The Script.html"
54,Birthday Girl,https://imsdb.com/Movie Scripts/Birthday Girl Script.html
55,"Black Dahlia, The","https://imsdb.com/Movie Scripts/Black Dahlia, The Script.html"
56,Black Panther,https://imsdb.com/Movie Scripts/Black Panther Script.html
57,Black Rain,https://imsdb.com/Movie Scripts/Black Rain Script.html
58,Black Snake Moan,https://imsdb.com/Movie Scripts/Black Snake Moan Script.html
59,Black Swan,https://imsdb.com/Movie Scripts/Black Swan Script.html
60,BlacKkKlansman,https://imsdb.com/Movie Scripts/BlacKkKlansman Script.html
61,Blade,https://imsdb.com/Movie Scripts/Blade Script.html
62,Blade II,https://imsdb.com/Movie Scripts/Blade II Script.html
63,Blade Runner,https://imsdb.com/Movie Scripts/Blade Runner Script.html
64,Blade: Trinity,https://imsdb.com/Movie Scripts/Blade: Trinity Script.html
65,"Blast from the Past, The","https://imsdb.com/Movie Scripts/Blast from the Past, The Script.html"
66,"Blind Side, The","https://imsdb.com/Movie Scripts/Blind Side, The Script.html"
67,"Bling Ring, The","https://imsdb.com/Movie Scripts/Bling Ring, The Script.html"
68,Blood and Wine,https://imsdb.com/Movie Scripts/Blood and Wine Script.html
69,Blood Simple,https://imsdb.com/Movie Scripts/Blood Simple Script.html
70,Blow,https://imsdb.com/Movie Scripts/Blow Script.html
71,Blue Valentine,https://imsdb.com/Movie Scripts/Blue Valentine Script.html
72,Blue Velvet,https://imsdb.com/Movie Scripts/Blue Velvet Script.html
73,"Blues Brothers, The","https://imsdb.com/Movie Scripts/Blues Brothers, The Script.html"
74,"Bodies, Rest & Motion","https://imsdb.com/Movie Scripts/Bodies, Rest %2526 Motion Script.html"
75,Body Heat,https://imsdb.com/Movie Scripts/Body Heat Script.html
76,Body of Evidence,https://imsdb.com/Movie Scripts/Body of Evidence Script.html
77,Bodyguard,https://imsdb.com/Movie Scripts/Bodyguard Script.html
78,Bones,https://imsdb.com/Movie Scripts/Bones Script.html
79,Bonfire of the Vanities,https://imsdb.com/Movie Scripts/Bonfire of the Vanities Script.html
80,Bonnie and Clyde,https://imsdb.com/Movie Scripts/Bonnie and Clyde Script.html
81,Boogie Nights,https://imsdb.com/Movie Scripts/Boogie Nights Script.html
82,"Book of Eli, The","https://imsdb.com/Movie Scripts/Book of Eli, The Script.html"
83,Boondock Saints 2: All Saints Day,https://imsdb.com/Movie Scripts/Boondock Saints 2: All Saints Day Script.html
84,"Boondock Saints, The","https://imsdb.com/Movie Scripts/Boondock Saints, The Script.html"
85,Bottle Rocket,https://imsdb.com/Movie Scripts/Bottle Rocket Script.html
86,Bound,https://imsdb.com/Movie Scripts/Bound Script.html
87,"Bounty Hunter, The","https://imsdb.com/Movie Scripts/Bounty Hunter, The Script.html"
88,"Bourne Identity, The","https://imsdb.com/Movie Scripts/Bourne Identity, The Script.html"
89,"Bourne Supremacy, The","https://imsdb.com/Movie Scripts/Bourne Supremacy, The Script.html"
90,"Bourne Ultimatum, The","https://imsdb.com/Movie Scripts/Bourne Ultimatum, The Script.html"
91,"Box, The","https://imsdb.com/Movie Scripts/Box, The Script.html"
92,"Boxtrolls, The","https://imsdb.com/Movie Scripts/Boxtrolls, The Script.html"
93,Boyhood,https://imsdb.com/Movie Scripts/Boyhood Script.html
94,Braveheart,https://imsdb.com/Movie Scripts/Braveheart Script.html
95,Brazil,https://imsdb.com/Movie Scripts/Brazil Script.html
96,Break,https://imsdb.com/Movie Scripts/Break Script.html
97,Breakdown,https://imsdb.com/Movie Scripts/Breakdown Script.html
98,"Breakfast Club, The","https://imsdb.com/Movie Scripts/Breakfast Club, The Script.html"
99,Breaking Away,https://imsdb.com/Movie Scripts/Breaking Away Script.html
100,Brick,https://imsdb.com/Movie Scripts/Brick Script.html
101,Bridesmaids,https://imsdb.com/Movie Scripts/Bridesmaids Script.html
102,Bringing Out the Dead,https://imsdb.com/Movie Scripts/Bringing Out the Dead Script.html
103,Broadcast News,https://imsdb.com/Movie Scripts/Broadcast News Script.html
104,Broken Arrow,https://imsdb.com/Movie Scripts/Broken Arrow Script.html
105,Broken Embraces,https://imsdb.com/Movie Scripts/Broken Embraces Script.html
106,"Brothers Bloom, The","https://imsdb.com/Movie Scripts/Brothers Bloom, The Script.html"
107,Bruce Almighty,https://imsdb.com/Movie Scripts/Bruce Almighty Script.html
108,Buffy the Vampire Slayer,https://imsdb.com/Movie Scripts/Buffy the Vampire Slayer Script.html
109,Bull Durham,https://imsdb.com/Movie Scripts/Bull Durham Script.html
110,Buried,https://imsdb.com/Movie Scripts/Buried Script.html
111,Burlesque,https://imsdb.com/Movie Scripts/Burlesque Script.html
112,Burn After Reading,https://imsdb.com/Movie Scripts/Burn After Reading Script.html
113,Burning Annie,https://imsdb.com/Movie Scripts/Burning Annie Script.html
114,"Butterfly Effect, The","https://imsdb.com/Movie Scripts/Butterfly Effect, The Script.html"
0,Cable Guy,https://imsdb.com/Movie Scripts/Cable Guy Script.html
1,Candle to Water,https://imsdb.com/Movie Scripts/Candle to Water Script.html
2,Capote,https://imsdb.com/Movie Scripts/Capote Script.html
3,Carrie,https://imsdb.com/Movie Scripts/Carrie Script.html
4,Cars 2,https://imsdb.com/Movie Scripts/Cars 2 Script.html
5,Casablanca,https://imsdb.com/Movie Scripts/Casablanca Script.html
6,Case 39,https://imsdb.com/Movie Scripts/Case 39 Script.html
7,Casino,https://imsdb.com/Movie Scripts/Casino Script.html
8,Cast Away,https://imsdb.com/Movie Scripts/Cast Away Script.html
9,Catch Me If You Can,https://imsdb.com/Movie Scripts/Catch Me If You Can Script.html
10,Catwoman,https://imsdb.com/Movie Scripts/Catwoman Script.html
11,Cecil B. Demented,https://imsdb.com/Movie Scripts/Cecil B. Demented Script.html
12,Cedar Rapids,https://imsdb.com/Movie Scripts/Cedar Rapids Script.html
13,Celeste & Jesse Forever,https://imsdb.com/Movie Scripts/Celeste %2526 Jesse Forever Script.html
14,"Cell, The","https://imsdb.com/Movie Scripts/Cell, The Script.html"
15,Cellular,https://imsdb.com/Movie Scripts/Cellular Script.html
16,"Change-Up, The","https://imsdb.com/Movie Scripts/Change-Up, The Script.html"
17,Changeling,https://imsdb.com/Movie Scripts/Changeling Script.html
18,Chaos,https://imsdb.com/Movie Scripts/Chaos Script.html
19,Charade,https://imsdb.com/Movie Scripts/Charade Script.html
20,Charlie's Angels,https://imsdb.com/Movie Scripts/Charlie's Angels Script.html
21,Chasing Amy,https://imsdb.com/Movie Scripts/Chasing Amy Script.html
22,Chasing Sleep,https://imsdb.com/Movie Scripts/Chasing Sleep Script.html
23,Cherry Falls,https://imsdb.com/Movie Scripts/Cherry Falls Script.html
24,Chinatown,https://imsdb.com/Movie Scripts/Chinatown Script.html
25,Christ Complex,https://imsdb.com/Movie Scripts/Christ Complex Script.html
26,Chronicle,https://imsdb.com/Movie Scripts/Chronicle Script.html
27,"Chronicles of Narnia: The Lion, the Witch and the Wardrobe","https://imsdb.com/Movie Scripts/Chronicles of Narnia: The Lion, the Witch and the Wardrobe Script.html"
28,"Cider House Rules, The","https://imsdb.com/Movie Scripts/Cider House Rules, The Script.html"
29,"Cincinnati Kid, The","https://imsdb.com/Movie Scripts/Cincinnati Kid, The Script.html"
30,Cinema Paradiso,https://imsdb.com/Movie Scripts/Cinema Paradiso Script.html
31,Cirque du Freak: The Vampire's Assistant,https://imsdb.com/Movie Scripts/Cirque du Freak: The Vampire's Assistant Script.html
32,Citizen Kane,https://imsdb.com/Movie Scripts/Citizen Kane Script.html
33,City of Joy,https://imsdb.com/Movie Scripts/City of Joy Script.html
34,Clash of the Titans,https://imsdb.com/Movie Scripts/Clash of the Titans Script.html
35,Clerks,https://imsdb.com/Movie Scripts/Clerks Script.html
36,Cliffhanger,https://imsdb.com/Movie Scripts/Cliffhanger Script.html
37,"Clockwork Orange, A","https://imsdb.com/Movie Scripts/Clockwork Orange, A Script.html"
38,Clueless,https://imsdb.com/Movie Scripts/Clueless Script.html
39,Cobb,https://imsdb.com/Movie Scripts/Cobb Script.html
40,Coco,https://imsdb.com/Movie Scripts/Coco Script.html
41,Code of Silence,https://imsdb.com/Movie Scripts/Code of Silence Script.html
42,Cold Mountain,https://imsdb.com/Movie Scripts/Cold Mountain Script.html
43,Collateral,https://imsdb.com/Movie Scripts/Collateral Script.html
44,Collateral Damage,https://imsdb.com/Movie Scripts/Collateral Damage Script.html
45,Colombiana,https://imsdb.com/Movie Scripts/Colombiana Script.html
46,Color of Night,https://imsdb.com/Movie Scripts/Color of Night Script.html
47,Commando,https://imsdb.com/Movie Scripts/Commando Script.html
48,Conan the Barbarian,https://imsdb.com/Movie Scripts/Conan the Barbarian Script.html
49,Confessions of a Dangerous Mind,https://imsdb.com/Movie Scripts/Confessions of a Dangerous Mind Script.html
50,Confidence,https://imsdb.com/Movie Scripts/Confidence Script.html
51,Constantine,https://imsdb.com/Movie Scripts/Constantine Script.html
52,Contact,https://imsdb.com/Movie Scripts/Contact Script.html
53,"Cooler, The","https://imsdb.com/Movie Scripts/Cooler, The Script.html"
54,Copycat,https://imsdb.com/Movie Scripts/Copycat Script.html
55,Coraline,https://imsdb.com/Movie Scripts/Coraline Script.html
56,Coriolanus,https://imsdb.com/Movie Scripts/Coriolanus Script.html
57,Courage Under Fire,https://imsdb.com/Movie Scripts/Courage Under Fire Script.html
58,Cowboys & Aliens,https://imsdb.com/Movie Scripts/Cowboys %2526 Aliens Script.html
59,Cradle 2 the Grave,https://imsdb.com/Movie Scripts/Cradle 2 the Grave Script.html
60,Crank,https://imsdb.com/Movie Scripts/Crank Script.html
61,Crash,https://imsdb.com/Movie Scripts/Crash Script.html
62,"Crazy, Stupid, Love","https://imsdb.com/Movie Scripts/Crazy, Stupid, Love Script.html"
63,Crazylove,https://imsdb.com/Movie Scripts/Crazylove Script.html
64,Creation,https://imsdb.com/Movie Scripts/Creation Script.html
65,Crime Spree,https://imsdb.com/Movie Scripts/Crime Spree Script.html
66,"Croods, The","https://imsdb.com/Movie Scripts/Croods, The Script.html"
67,"Crouching Tiger, Hidden Dragon","https://imsdb.com/Movie Scripts/Crouching Tiger, Hidden Dragon Script.html"
68,Croupier,https://imsdb.com/Movie Scripts/Croupier Script.html
69,"Crow Salvation, The","https://imsdb.com/Movie Scripts/Crow Salvation, The Script.html"
70,"Crow, The","https://imsdb.com/Movie Scripts/Crow, The Script.html"
71,"Crow: City of Angels, The","https://imsdb.com/Movie Scripts/Crow: City of Angels, The Script.html"
72,Cruel Intentions,https://imsdb.com/Movie Scripts/Cruel Intentions Script.html
73,Crying Game,https://imsdb.com/Movie Scripts/Crying Game Script.html
74,Cube,https://imsdb.com/Movie Scripts/Cube Script.html
75,"Curious Case of Benjamin Button, The","https://imsdb.com/Movie Scripts/Curious Case of Benjamin Button, The Script.html"
76,Custody,https://imsdb.com/Movie Scripts/Custody Script.html
0,Dallas Buyers Club,https://imsdb.com/Movie Scripts/Dallas Buyers Club Script.html
1,"Damned United, The","https://imsdb.com/Movie Scripts/Damned United, The Script.html"
2,Dances with Wolves,https://imsdb.com/Movie Scripts/Dances with Wolves Script.html
3,"Danish Girl, The","https://imsdb.com/Movie Scripts/Danish Girl, The Script.html"
4,Dark City,https://imsdb.com/Movie Scripts/Dark City Script.html
5,"Dark Knight Rises, The","https://imsdb.com/Movie Scripts/Dark Knight Rises, The Script.html"
6,"Dark Knight, The","https://imsdb.com/Movie Scripts/Dark Knight, The Script.html"
7,Dark Star,https://imsdb.com/Movie Scripts/Dark Star Script.html
8,Darkman,https://imsdb.com/Movie Scripts/Darkman Script.html
9,Date Night,https://imsdb.com/Movie Scripts/Date Night Script.html
10,Dave Barry's Complete Guide to Guys,https://imsdb.com/Movie Scripts/Dave Barry's Complete Guide to Guys Script.html
11,Dawn of the Dead,https://imsdb.com/Movie Scripts/Dawn of the Dead Script.html
12,Day of the Dead,https://imsdb.com/Movie Scripts/Day of the Dead Script.html
13,"Day the Clown Cried, The","https://imsdb.com/Movie Scripts/Day the Clown Cried, The Script.html"
14,"Day the Earth Stood Still, The","https://imsdb.com/Movie Scripts/Day the Earth Stood Still, The Script.html"
15,Days of Heaven,https://imsdb.com/Movie Scripts/Days of Heaven Script.html
16,Dead Poets Society,https://imsdb.com/Movie Scripts/Dead Poets Society Script.html
17,Deadpool,https://imsdb.com/Movie Scripts/Deadpool Script.html
18,Dear White People,https://imsdb.com/Movie Scripts/Dear White People Script.html
19,Death at a Funeral,https://imsdb.com/Movie Scripts/Death at a Funeral Script.html
20,Death to Smoochy,https://imsdb.com/Movie Scripts/Death to Smoochy Script.html
21,"Debt, The","https://imsdb.com/Movie Scripts/Debt, The Script.html"
22,Deception,https://imsdb.com/Movie Scripts/Deception Script.html
23,Deep Cover,https://imsdb.com/Movie Scripts/Deep Cover Script.html
24,Deep Rising,https://imsdb.com/Movie Scripts/Deep Rising Script.html
25,"Deer Hunter, The","https://imsdb.com/Movie Scripts/Deer Hunter, The Script.html"
26,Defiance,https://imsdb.com/Movie Scripts/Defiance Script.html
27,"Departed, The","https://imsdb.com/Movie Scripts/Departed, The Script.html"
28,"Descendants, The","https://imsdb.com/Movie Scripts/Descendants, The Script.html"
29,Despicable Me 2,https://imsdb.com/Movie Scripts/Despicable Me 2 Script.html
30,Detroit Rock City,https://imsdb.com/Movie Scripts/Detroit Rock City Script.html
31,Devil in a Blue Dress,https://imsdb.com/Movie Scripts/Devil in a Blue Dress Script.html
32,"Devil Wears Prada, The","https://imsdb.com/Movie Scripts/Devil Wears Prada, The Script.html"
33,Devil's Advocate,https://imsdb.com/Movie Scripts/Devil's Advocate Script.html
34,Die Hard,https://imsdb.com/Movie Scripts/Die Hard Script.html
35,Die Hard 2,https://imsdb.com/Movie Scripts/Die Hard 2 Script.html
36,Diner,https://imsdb.com/Movie Scripts/Diner Script.html
37,"Distinguished Gentleman, The","https://imsdb.com/Movie Scripts/Distinguished Gentleman, The Script.html"
38,Disturbia,https://imsdb.com/Movie Scripts/Disturbia Script.html
39,Django Unchained,https://imsdb.com/Movie Scripts/Django Unchained Script.html
40,Do The Right Thing,https://imsdb.com/Movie Scripts/Do The Right Thing Script.html
41,Dog Day Afternoon,https://imsdb.com/Movie Scripts/Dog Day Afternoon Script.html
42,Dogma,https://imsdb.com/Movie Scripts/Dogma Script.html
43,Donnie Brasco,https://imsdb.com/Movie Scripts/Donnie Brasco Script.html
44,Donnie Darko,https://imsdb.com/Movie Scripts/Donnie Darko Script.html
45,"Doors, The","https://imsdb.com/Movie Scripts/Doors, The Script.html"
46,Double Indemnity,https://imsdb.com/Movie Scripts/Double Indemnity Script.html
47,Drag Me to Hell,https://imsdb.com/Movie Scripts/Drag Me to Hell Script.html
48,Dragonslayer,https://imsdb.com/Movie Scripts/Dragonslayer Script.html
49,Drive,https://imsdb.com/Movie Scripts/Drive Script.html
50,Drive Angry,https://imsdb.com/Movie Scripts/Drive Angry Script.html
51,Drop Dead Gorgeous,https://imsdb.com/Movie Scripts/Drop Dead Gorgeous Script.html
52,"Dry White Season, A","https://imsdb.com/Movie Scripts/Dry White Season, A Script.html"
53,Duck Soup,https://imsdb.com/Movie Scripts/Duck Soup Script.html
54,Dumb and Dumber,https://imsdb.com/Movie Scripts/Dumb and Dumber Script.html
55,Dune,https://imsdb.com/Movie Scripts/Dune Script.html
0,E.T.,https://imsdb.com/Movie Scripts/E.T. Script.html
1,Eagle Eye,https://imsdb.com/Movie Scripts/Eagle Eye Script.html
2,Eastern Promises,https://imsdb.com/Movie Scripts/Eastern Promises Script.html
3,Easy A,https://imsdb.com/Movie Scripts/Easy A Script.html
4,Ed TV,https://imsdb.com/Movie Scripts/Ed TV Script.html
5,Ed Wood,https://imsdb.com/Movie Scripts/Ed Wood Script.html
6,Edward Scissorhands,https://imsdb.com/Movie Scripts/Edward Scissorhands Script.html
7,Eight Legged Freaks,https://imsdb.com/Movie Scripts/Eight Legged Freaks Script.html
8,El Mariachi,https://imsdb.com/Movie Scripts/El Mariachi Script.html
9,Election,https://imsdb.com/Movie Scripts/Election Script.html
10,"Elephant Man, The","https://imsdb.com/Movie Scripts/Elephant Man, The Script.html"
11,Elizabeth: The Golden Age,https://imsdb.com/Movie Scripts/Elizabeth: The Golden Age Script.html
12,Elvis,https://imsdb.com/Movie Scripts/Elvis Script.html
13,Enemy of the State,https://imsdb.com/Movie Scripts/Enemy of the State Script.html
14,"English Patient, The","https://imsdb.com/Movie Scripts/English Patient, The Script.html"
15,Enough,https://imsdb.com/Movie Scripts/Enough Script.html
16,Entrapment,https://imsdb.com/Movie Scripts/Entrapment Script.html
17,Equilibrium,https://imsdb.com/Movie Scripts/Equilibrium Script.html
18,Erik the Viking,https://imsdb.com/Movie Scripts/Erik the Viking Script.html
19,Erin Brockovich,https://imsdb.com/Movie Scripts/Erin Brockovich Script.html
20,Escape From L.A.,https://imsdb.com/Movie Scripts/Escape From L.A. Script.html
21,Escape From New York,https://imsdb.com/Movie Scripts/Escape From New York Script.html
22,Eternal Sunshine of the Spotless Mind,https://imsdb.com/Movie Scripts/Eternal Sunshine of the Spotless Mind Script.html
23,Even Cowgirls Get the Blues,https://imsdb.com/Movie Scripts/Even Cowgirls Get the Blues Script.html
24,Event Horizon,https://imsdb.com/Movie Scripts/Event Horizon Script.html
25,Evil Dead,https://imsdb.com/Movie Scripts/Evil Dead Script.html
26,Evil Dead II: Dead by Dawn,https://imsdb.com/Movie Scripts/Evil Dead II: Dead by Dawn Script.html
27,Ex Machina,https://imsdb.com/Movie Scripts/Ex Machina Script.html
28,Excalibur,https://imsdb.com/Movie Scripts/Excalibur Script.html
29,Executive Decision,https://imsdb.com/Movie Scripts/Executive Decision Script.html
30,eXistenZ,https://imsdb.com/Movie Scripts/eXistenZ Script.html
31,Extract,https://imsdb.com/Movie Scripts/Extract Script.html
32,Eyes Wide Shut,https://imsdb.com/Movie Scripts/Eyes Wide Shut Script.html
0,"Fabulous Baker Boys, The","https://imsdb.com/Movie Scripts/Fabulous Baker Boys, The Script.html"
1,Face Off,https://imsdb.com/Movie Scripts/Face Off Script.html
2,Fair Game,https://imsdb.com/Movie Scripts/Fair Game Script.html
3,FairyTale: A True Story,https://imsdb.com/Movie Scripts/FairyTale: A True Story Script.html
4,"Family Man, The","https://imsdb.com/Movie Scripts/Family Man, The Script.html"
5,Fantastic Four,https://imsdb.com/Movie Scripts/Fantastic Four Script.html
6,Fantastic Mr Fox,https://imsdb.com/Movie Scripts/Fantastic Mr Fox Script.html
7,Fargo,https://imsdb.com/Movie Scripts/Fargo Script.html
8,Fast Times at Ridgemont High,https://imsdb.com/Movie Scripts/Fast Times at Ridgemont High Script.html
9,Fatal Instinct,https://imsdb.com/Movie Scripts/Fatal Instinct Script.html
10,"Fault in Our Stars, The","https://imsdb.com/Movie Scripts/Fault in Our Stars, The Script.html"
11,Fear and Loathing in Las Vegas,https://imsdb.com/Movie Scripts/Fear and Loathing in Las Vegas Script.html
12,Feast,https://imsdb.com/Movie Scripts/Feast Script.html
13,Ferris Bueller's Day Off,https://imsdb.com/Movie Scripts/Ferris Bueller's Day Off Script.html
14,Field of Dreams,https://imsdb.com/Movie Scripts/Field of Dreams Script.html
15,"Fifth Element, The","https://imsdb.com/Movie Scripts/Fifth Element, The Script.html"
16,Fight Club,https://imsdb.com/Movie Scripts/Fight Club Script.html
17,"Fighter, The","https://imsdb.com/Movie Scripts/Fighter, The Script.html"
18,Final Destination,https://imsdb.com/Movie Scripts/Final Destination Script.html
19,Final Destination 2,https://imsdb.com/Movie Scripts/Final Destination 2 Script.html
20,Finding Nemo,https://imsdb.com/Movie Scripts/Finding Nemo Script.html
21,Five Easy Pieces,https://imsdb.com/Movie Scripts/Five Easy Pieces Script.html
22,Flash Gordon,https://imsdb.com/Movie Scripts/Flash Gordon Script.html
23,Fletch,https://imsdb.com/Movie Scripts/Fletch Script.html
24,Flight,https://imsdb.com/Movie Scripts/Flight Script.html
25,"Flintstones, The","https://imsdb.com/Movie Scripts/Flintstones, The Script.html"
26,Forrest Gump,https://imsdb.com/Movie Scripts/Forrest Gump Script.html
27,Four Feathers,https://imsdb.com/Movie Scripts/Four Feathers Script.html
28,Four Rooms,https://imsdb.com/Movie Scripts/Four Rooms Script.html
29,Foxcatcher,https://imsdb.com/Movie Scripts/Foxcatcher Script.html
30,Fracture,https://imsdb.com/Movie Scripts/Fracture Script.html
31,Frances,https://imsdb.com/Movie Scripts/Frances Script.html
32,Frankenstein,https://imsdb.com/Movie Scripts/Frankenstein Script.html
33,Frankenweenie,https://imsdb.com/Movie Scripts/Frankenweenie Script.html
34,Freaked,https://imsdb.com/Movie Scripts/Freaked Script.html
35,Freddy vs. Jason,https://imsdb.com/Movie Scripts/Freddy vs. Jason Script.html
36,"French Connection, The","https://imsdb.com/Movie Scripts/French Connection, The Script.html"
37,Frequency,https://imsdb.com/Movie Scripts/Frequency Script.html
38,Friday the 13th,https://imsdb.com/Movie Scripts/Friday the 13th Script.html
39,Friday the 13th Part VIII: Jason Takes Manhattan,https://imsdb.com/Movie Scripts/Friday the 13th Part VIII: Jason Takes Manhattan Script.html
40,Fright Night,https://imsdb.com/Movie Scripts/Fright Night Script.html
41,Fright Night (1985),https://imsdb.com/Movie Scripts/Fright Night (1985) Script.html
42,From Dusk Till Dawn,https://imsdb.com/Movie Scripts/From Dusk Till Dawn Script.html
43,From Here to Eternity,https://imsdb.com/Movie Scripts/From Here to Eternity Script.html
44,Frozen,https://imsdb.com/Movie Scripts/Frozen Script.html
45,Frozen (Disney),https://imsdb.com/Movie Scripts/Frozen (Disney) Script.html
46,Frozen River,https://imsdb.com/Movie Scripts/Frozen River Script.html
47,Fruitvale Station,https://imsdb.com/Movie Scripts/Fruitvale Station Script.html
48,"Fugitive, The","https://imsdb.com/Movie Scripts/Fugitive, The Script.html"
49,Full Metal Jacket,https://imsdb.com/Movie Scripts/Full Metal Jacket Script.html
50,Funny People,https://imsdb.com/Movie Scripts/Funny People Script.html
51,Fury,https://imsdb.com/Movie Scripts/Fury Script.html
0,G.I. Jane,https://imsdb.com/Movie Scripts/G.I. Jane Script.html
1,G.I. Joe: The Rise of Cobra,https://imsdb.com/Movie Scripts/G.I. Joe: The Rise of Cobra Script.html
2,Game 6,https://imsdb.com/Movie Scripts/Game 6 Script.html
3,"Game, The","https://imsdb.com/Movie Scripts/Game, The Script.html"
4,Gamer,https://imsdb.com/Movie Scripts/Gamer Script.html
5,Gandhi,https://imsdb.com/Movie Scripts/Gandhi Script.html
6,Gang Related,https://imsdb.com/Movie Scripts/Gang Related Script.html
7,Gangs of New York,https://imsdb.com/Movie Scripts/Gangs of New York Script.html
8,Garden State,https://imsdb.com/Movie Scripts/Garden State Script.html
9,Gattaca,https://imsdb.com/Movie Scripts/Gattaca Script.html
10,Get Carter,https://imsdb.com/Movie Scripts/Get Carter Script.html
11,Get Low,https://imsdb.com/Movie Scripts/Get Low Script.html
12,Get on Up,https://imsdb.com/Movie Scripts/Get on Up Script.html
13,Get Out,https://imsdb.com/Movie Scripts/Get Out Script.html
14,Get Shorty,https://imsdb.com/Movie Scripts/Get Shorty Script.html
15,"Getaway, The","https://imsdb.com/Movie Scripts/Getaway, The Script.html"
16,Ghost,https://imsdb.com/Movie Scripts/Ghost Script.html
17,"Ghost and the Darkness, The","https://imsdb.com/Movie Scripts/Ghost and the Darkness, The Script.html"
18,Ghost Rider,https://imsdb.com/Movie Scripts/Ghost Rider Script.html
19,Ghost Ship,https://imsdb.com/Movie Scripts/Ghost Ship Script.html
20,Ghost World,https://imsdb.com/Movie Scripts/Ghost World Script.html
21,Ghostbusters,https://imsdb.com/Movie Scripts/Ghostbusters Script.html
22,Ghostbusters 2,https://imsdb.com/Movie Scripts/Ghostbusters 2 Script.html
23,Ginger Snaps,https://imsdb.com/Movie Scripts/Ginger Snaps Script.html
24,"Girl with the Dragon Tattoo, The","https://imsdb.com/Movie Scripts/Girl with the Dragon Tattoo, The Script.html"
25,Gladiator,https://imsdb.com/Movie Scripts/Gladiator Script.html
26,Glengarry Glen Gross,https://imsdb.com/Movie Scripts/Glengarry Glen Gross Script.html
27,Go,https://imsdb.com/Movie Scripts/Go Script.html
28,Godfather,https://imsdb.com/Movie Scripts/Godfather Script.html
29,Godfather Part II,https://imsdb.com/Movie Scripts/Godfather Part II Script.html
30,"Godfather Part III, The","https://imsdb.com/Movie Scripts/Godfather Part III, The Script.html"
31,Gods and Monsters,https://imsdb.com/Movie Scripts/Gods and Monsters Script.html
32,Godzilla,https://imsdb.com/Movie Scripts/Godzilla Script.html
33,Gone Baby Gone,https://imsdb.com/Movie Scripts/Gone Baby Gone Script.html
34,Gone in 60 Seconds,https://imsdb.com/Movie Scripts/Gone in 60 Seconds Script.html
35,"Good Girl, The","https://imsdb.com/Movie Scripts/Good Girl, The Script.html"
36,Good Will Hunting,https://imsdb.com/Movie Scripts/Good Will Hunting Script.html
37,Goodfellas,https://imsdb.com/Movie Scripts/Goodfellas Script.html
38,Gothika,https://imsdb.com/Movie Scripts/Gothika Script.html
39,Grabbers,https://imsdb.com/Movie Scripts/Grabbers Script.html
40,"Graduate, The","https://imsdb.com/Movie Scripts/Graduate, The Script.html"
41,Gran Torino,https://imsdb.com/Movie Scripts/Gran Torino Script.html
42,Grand Hotel,https://imsdb.com/Movie Scripts/Grand Hotel Script.html
43,Grand Theft Parsons,https://imsdb.com/Movie Scripts/Grand Theft Parsons Script.html
44,"Grapes of Wrath, The","https://imsdb.com/Movie Scripts/Grapes of Wrath, The Script.html"
45,Gravity,https://imsdb.com/Movie Scripts/Gravity Script.html
46,"Great Gatsby, The","https://imsdb.com/Movie Scripts/Great Gatsby, The Script.html"
47,"Green Mile, The","https://imsdb.com/Movie Scripts/Green Mile, The Script.html"
48,Gremlins,https://imsdb.com/Movie Scripts/Gremlins Script.html
49,Gremlins 2,https://imsdb.com/Movie Scripts/Gremlins 2 Script.html
50,"Grifters, The","https://imsdb.com/Movie Scripts/Grifters, The Script.html"
51,Grosse Point Blank,https://imsdb.com/Movie Scripts/Grosse Point Blank Script.html
52,Groundhog Day,https://imsdb.com/Movie Scripts/Groundhog Day Script.html
53,"Grudge, The","https://imsdb.com/Movie Scripts/Grudge, The Script.html"
54,Guardians of the Galaxy Vol 2,https://imsdb.com/Movie Scripts/Guardians of the Galaxy Vol 2 Script.html
0,Hackers,https://imsdb.com/Movie Scripts/Hackers Script.html
1,Hall Pass,https://imsdb.com/Movie Scripts/Hall Pass Script.html
2,Halloween,https://imsdb.com/Movie Scripts/Halloween Script.html
3,Halloween: The Curse of Michael Myers,https://imsdb.com/Movie Scripts/Halloween: The Curse of Michael Myers Script.html
4,Hancock,https://imsdb.com/Movie Scripts/Hancock Script.html
5,"Hangover, The","https://imsdb.com/Movie Scripts/Hangover, The Script.html"
6,Hanna,https://imsdb.com/Movie Scripts/Hanna Script.html
7,Hannah and Her Sisters,https://imsdb.com/Movie Scripts/Hannah and Her Sisters Script.html
8,Hannibal,https://imsdb.com/Movie Scripts/Hannibal Script.html
9,"Happy Birthday, Wanda June","https://imsdb.com/Movie Scripts/Happy Birthday, Wanda June Script.html"
10,Happy Feet,https://imsdb.com/Movie Scripts/Happy Feet Script.html
11,Hard Rain,https://imsdb.com/Movie Scripts/Hard Rain Script.html
12,Hard to Kill,https://imsdb.com/Movie Scripts/Hard to Kill Script.html
13,Harold and Kumar Go to White Castle,https://imsdb.com/Movie Scripts/Harold and Kumar Go to White Castle Script.html
14,Harry Potter and the Chamber of Secrets,https://imsdb.com/Movie Scripts/Harry Potter and the Chamber of Secrets Script.html
15,Harry Potter and the Deathly Hallows Part 1,https://imsdb.com/Movie Scripts/Harry Potter and the Deathly Hallows Part 1 Script.html
16,Harry Potter and the Goblet of Fire,https://imsdb.com/Movie Scripts/Harry Potter and the Goblet of Fire Script.html
17,Harry Potter and the Half-Blood Prince,https://imsdb.com/Movie Scripts/Harry Potter and the Half-Blood Prince Script.html
18,Harry Potter and the Prisoner of Azkaban,https://imsdb.com/Movie Scripts/Harry Potter and the Prisoner of Azkaban Script.html
19,Harry Potter and the Sorcerer's Stone,https://imsdb.com/Movie Scripts/Harry Potter and the Sorcerer's Stone Script.html
20,"Haunting, The","https://imsdb.com/Movie Scripts/Haunting, The Script.html"
21,He's Just Not That Into You,https://imsdb.com/Movie Scripts/He's Just Not That Into You Script.html
22,Heat,https://imsdb.com/Movie Scripts/Heat Script.html
23,Heathers,https://imsdb.com/Movie Scripts/Heathers Script.html
24,Heavenly Creatures,https://imsdb.com/Movie Scripts/Heavenly Creatures Script.html
25,Heavy Metal,https://imsdb.com/Movie Scripts/Heavy Metal Script.html
26,"Hebrew Hammer, The","https://imsdb.com/Movie Scripts/Hebrew Hammer, The Script.html"
27,Heist,https://imsdb.com/Movie Scripts/Heist Script.html
28,Hellbound: Hellraiser II,https://imsdb.com/Movie Scripts/Hellbound: Hellraiser II Script.html
29,Hellboy,https://imsdb.com/Movie Scripts/Hellboy Script.html
30,Hellboy 2: The Golden Army,https://imsdb.com/Movie Scripts/Hellboy 2: The Golden Army Script.html
31,Hellraiser,https://imsdb.com/Movie Scripts/Hellraiser Script.html
32,Hellraiser 3: Hell on Earth,https://imsdb.com/Movie Scripts/Hellraiser 3: Hell on Earth Script.html
33,Hellraiser: Deader,https://imsdb.com/Movie Scripts/Hellraiser: Deader Script.html
34,Hellraiser: Hellseeker,https://imsdb.com/Movie Scripts/Hellraiser: Hellseeker Script.html
35,"Help, The","https://imsdb.com/Movie Scripts/Help, The Script.html"
36,Henry Fool,https://imsdb.com/Movie Scripts/Henry Fool Script.html
37,Henry's Crime,https://imsdb.com/Movie Scripts/Henry's Crime Script.html
38,Her,https://imsdb.com/Movie Scripts/Her Script.html
39,Hesher,https://imsdb.com/Movie Scripts/Hesher Script.html
40,High Fidelity,https://imsdb.com/Movie Scripts/High Fidelity Script.html
41,Highlander,https://imsdb.com/Movie Scripts/Highlander Script.html
42,Highlander: Endgame,https://imsdb.com/Movie Scripts/Highlander: Endgame Script.html
43,"Hills Have Eyes, The","https://imsdb.com/Movie Scripts/Hills Have Eyes, The Script.html"
44,His Girl Friday,https://imsdb.com/Movie Scripts/His Girl Friday Script.html
45,Hitchcock,https://imsdb.com/Movie Scripts/Hitchcock Script.html
46,"Hitchhiker's Guide to the Galaxy, The","https://imsdb.com/Movie Scripts/Hitchhiker's Guide to the Galaxy, The Script.html"
47,Hollow Man,https://imsdb.com/Movie Scripts/Hollow Man Script.html
48,Honeydripper,https://imsdb.com/Movie Scripts/Honeydripper Script.html
49,Horrible Bosses,https://imsdb.com/Movie Scripts/Horrible Bosses Script.html
50,"Horse Whisperer, The","https://imsdb.com/Movie Scripts/Horse Whisperer, The Script.html"
51,"Hospital, The","https://imsdb.com/Movie Scripts/Hospital, The Script.html"
52,Hostage,https://imsdb.com/Movie Scripts/Hostage Script.html
53,Hot Tub Time Machine,https://imsdb.com/Movie Scripts/Hot Tub Time Machine Script.html
54,Hotel Rwanda,https://imsdb.com/Movie Scripts/Hotel Rwanda Script.html
55,House of 1000 Corpses,https://imsdb.com/Movie Scripts/House of 1000 Corpses Script.html
56,How to Lose Friends & Alienate People,https://imsdb.com/Movie Scripts/How to Lose Friends %2526 Alienate People Script.html
57,How to Train Your Dragon,https://imsdb.com/Movie Scripts/How to Train Your Dragon Script.html
58,How to Train Your Dragon 2,https://imsdb.com/Movie Scripts/How to Train Your Dragon 2 Script.html
59,Hudson Hawk,https://imsdb.com/Movie Scripts/Hudson Hawk Script.html
60,"Hudsucker Proxy, The","https://imsdb.com/Movie Scripts/Hudsucker Proxy, The Script.html"
61,Human Nature,https://imsdb.com/Movie Scripts/Human Nature Script.html
62,"Hunt for Red October, The","https://imsdb.com/Movie Scripts/Hunt for Red October, The Script.html"
63,"Hurt Locker, The","https://imsdb.com/Movie Scripts/Hurt Locker, The Script.html"
0,I Am Number Four,https://imsdb.com/Movie Scripts/I Am Number Four Script.html
1,I am Sam,https://imsdb.com/Movie Scripts/I am Sam Script.html
2,I Love You Phillip Morris,https://imsdb.com/Movie Scripts/I Love You Phillip Morris Script.html
3,I Spit on Your Grave,https://imsdb.com/Movie Scripts/I Spit on Your Grave Script.html
4,I Still Know What You Did Last Summer,https://imsdb.com/Movie Scripts/I Still Know What You Did Last Summer Script.html
5,I'll Do Anything,https://imsdb.com/Movie Scripts/I'll Do Anything Script.html
6,"I, Robot","https://imsdb.com/Movie Scripts/I, Robot Script.html"
7,"Ice Storm, The","https://imsdb.com/Movie Scripts/Ice Storm, The Script.html"
8,"Ides of March, The","https://imsdb.com/Movie Scripts/Ides of March, The Script.html"
9,"Imaginarium of Doctor Parnassus, The","https://imsdb.com/Movie Scripts/Imaginarium of Doctor Parnassus, The Script.html"
10,In the Bedroom,https://imsdb.com/Movie Scripts/In the Bedroom Script.html
11,In the Loop,https://imsdb.com/Movie Scripts/In the Loop Script.html
12,Inception,https://imsdb.com/Movie Scripts/Inception Script.html
13,"Incredibles, The","https://imsdb.com/Movie Scripts/Incredibles, The Script.html"
14,Independence Day,https://imsdb.com/Movie Scripts/Independence Day Script.html
15,Indiana Jones and the Last Crusade,https://imsdb.com/Movie Scripts/Indiana Jones and the Last Crusade Script.html
16,Indiana Jones and the Raiders of the Lost Ark,https://imsdb.com/Movie Scripts/Indiana Jones and the Raiders of the Lost Ark Script.html
17,Indiana Jones and the Temple of Doom,https://imsdb.com/Movie Scripts/Indiana Jones and the Temple of Doom Script.html
18,Indiana Jones IV,https://imsdb.com/Movie Scripts/Indiana Jones IV Script.html
19,"Informant, The","https://imsdb.com/Movie Scripts/Informant, The Script.html"
20,Inglourious Basterds,https://imsdb.com/Movie Scripts/Inglourious Basterds Script.html
21,Innerspace,https://imsdb.com/Movie Scripts/Innerspace Script.html
22,"Insider, The","https://imsdb.com/Movie Scripts/Insider, The Script.html"
23,Insidious,https://imsdb.com/Movie Scripts/Insidious Script.html
24,Insomnia,https://imsdb.com/Movie Scripts/Insomnia Script.html
25,Interstellar,https://imsdb.com/Movie Scripts/Interstellar Script.html
26,Interview with the Vampire,https://imsdb.com/Movie Scripts/Interview with the Vampire Script.html
27,Into the Wild,https://imsdb.com/Movie Scripts/Into the Wild Script.html
28,Into the Woods,https://imsdb.com/Movie Scripts/Into the Woods Script.html
29,Intolerable Cruelty,https://imsdb.com/Movie Scripts/Intolerable Cruelty Script.html
30,Inventing the Abbotts,https://imsdb.com/Movie Scripts/Inventing the Abbotts Script.html
31,"Invention of Lying, The","https://imsdb.com/Movie Scripts/Invention of Lying, The Script.html"
32,Invictus,https://imsdb.com/Movie Scripts/Invictus Script.html
33,"Iron Lady, The","https://imsdb.com/Movie Scripts/Iron Lady, The Script.html"
34,"Island, The","https://imsdb.com/Movie Scripts/Island, The Script.html"
35,It,https://imsdb.com/Movie Scripts/It Script.html
36,It Happened One Night,https://imsdb.com/Movie Scripts/It Happened One Night Script.html
37,It Happened One Night,https://imsdb.com/Movie Scripts/It Happened One Night Script.html
38,It's a Wonderful Life,https://imsdb.com/Movie Scripts/It's a Wonderful Life Script.html
39,It's Complicated,https://imsdb.com/Movie Scripts/It's Complicated Script.html
40,"Italian Job, The","https://imsdb.com/Movie Scripts/Italian Job, The Script.html"
0,"Jacket, The","https://imsdb.com/Movie Scripts/Jacket, The Script.html"
1,Jackie Brown,https://imsdb.com/Movie Scripts/Jackie Brown Script.html
2,Jacob's Ladder,https://imsdb.com/Movie Scripts/Jacob's Ladder Script.html
3,Jade,https://imsdb.com/Movie Scripts/Jade Script.html
4,Jane Eyre,https://imsdb.com/Movie Scripts/Jane Eyre Script.html
5,Jason X,https://imsdb.com/Movie Scripts/Jason X Script.html
6,Jaws,https://imsdb.com/Movie Scripts/Jaws Script.html
7,Jaws 2,https://imsdb.com/Movie Scripts/Jaws 2 Script.html
8,Jay and Silent Bob Strike Back,https://imsdb.com/Movie Scripts/Jay and Silent Bob Strike Back Script.html
9,Jennifer Eight,https://imsdb.com/Movie Scripts/Jennifer Eight Script.html
10,Jennifer's Body,https://imsdb.com/Movie Scripts/Jennifer's Body Script.html
11,Jerry Maguire,https://imsdb.com/Movie Scripts/Jerry Maguire Script.html
12,Jeux Interdits,https://imsdb.com/Movie Scripts/Jeux Interdits Script.html
13,JFK,https://imsdb.com/Movie Scripts/JFK Script.html
14,Jimmy and Judy,https://imsdb.com/Movie Scripts/Jimmy and Judy Script.html
15,John Q,https://imsdb.com/Movie Scripts/John Q Script.html
16,John Wick,https://imsdb.com/Movie Scripts/John Wick Script.html
17,Joker,https://imsdb.com/Movie Scripts/Joker Script.html
18,Judge Dredd,https://imsdb.com/Movie Scripts/Judge Dredd Script.html
19,Juno,https://imsdb.com/Movie Scripts/Juno Script.html
20,Jurassic Park,https://imsdb.com/Movie Scripts/Jurassic Park Script.html
21,Jurassic Park III,https://imsdb.com/Movie Scripts/Jurassic Park III Script.html
22,Jurassic Park: The Lost World,https://imsdb.com/Movie Scripts/Jurassic Park: The Lost World Script.html
0,Kafka,https://imsdb.com/Movie Scripts/Kafka Script.html
1,Kalifornia,https://imsdb.com/Movie Scripts/Kalifornia Script.html
2,Kate & Leopold,https://imsdb.com/Movie Scripts/Kate %2526 Leopold Script.html
3,Kids,https://imsdb.com/Movie Scripts/Kids Script.html
4,"Kids Are All Right, The","https://imsdb.com/Movie Scripts/Kids Are All Right, The Script.html"
5,Kill Bill Volume 1 & 2,https://imsdb.com/Movie Scripts/Kill Bill Volume 1 %2526 2 Script.html
6,Kill Your Darlings,https://imsdb.com/Movie Scripts/Kill Your Darlings Script.html
7,Killing Zoe,https://imsdb.com/Movie Scripts/Killing Zoe Script.html
8,King Kong,https://imsdb.com/Movie Scripts/King Kong Script.html
9,"King of Comedy, The","https://imsdb.com/Movie Scripts/King of Comedy, The Script.html"
10,"King's Speech, The","https://imsdb.com/Movie Scripts/King's Speech, The Script.html"
11,"Kingdom, The","https://imsdb.com/Movie Scripts/Kingdom, The Script.html"
12,Kiss of the Spider Woman,https://imsdb.com/Movie Scripts/Kiss of the Spider Woman Script.html
13,Klute,https://imsdb.com/Movie Scripts/Klute Script.html
14,Knocked Up,https://imsdb.com/Movie Scripts/Knocked Up Script.html
15,Kramer vs Kramer,https://imsdb.com/Movie Scripts/Kramer vs Kramer Script.html
16,Kundun,https://imsdb.com/Movie Scripts/Kundun Script.html
17,Kung Fu Panda,https://imsdb.com/Movie Scripts/Kung Fu Panda Script.html
0,L.A. Confidential,https://imsdb.com/Movie Scripts/L.A. Confidential Script.html
1,La La Land,https://imsdb.com/Movie Scripts/La La Land Script.html
2,Labor of Love,https://imsdb.com/Movie Scripts/Labor of Love Script.html
3,Labyrinth,https://imsdb.com/Movie Scripts/Labyrinth Script.html
4,"Ladykillers, The","https://imsdb.com/Movie Scripts/Ladykillers, The Script.html"
5,Lake Placid,https://imsdb.com/Movie Scripts/Lake Placid Script.html
6,Land of the Dead,https://imsdb.com/Movie Scripts/Land of the Dead Script.html
7,Larry Crowne,https://imsdb.com/Movie Scripts/Larry Crowne Script.html
8,"Last Boy Scout, The","https://imsdb.com/Movie Scripts/Last Boy Scout, The Script.html"
9,Last Chance Harvey,https://imsdb.com/Movie Scripts/Last Chance Harvey Script.html
10,"Last Flight, The","https://imsdb.com/Movie Scripts/Last Flight, The Script.html"
11,"Last of the Mohicans, The","https://imsdb.com/Movie Scripts/Last of the Mohicans, The Script.html"
12,"Last Samurai, The","https://imsdb.com/Movie Scripts/Last Samurai, The Script.html"
13,"Last Station, The","https://imsdb.com/Movie Scripts/Last Station, The Script.html"
14,Last Tango in Paris,https://imsdb.com/Movie Scripts/Last Tango in Paris Script.html
15,Law Abiding Citizen,https://imsdb.com/Movie Scripts/Law Abiding Citizen Script.html
16,Le Diable par la Queue,https://imsdb.com/Movie Scripts/Le Diable par la Queue Script.html
17,Leaving Las Vegas,https://imsdb.com/Movie Scripts/Leaving Las Vegas Script.html
18,Legally Blonde,https://imsdb.com/Movie Scripts/Legally Blonde Script.html
19,Legend,https://imsdb.com/Movie Scripts/Legend Script.html
20,Legion,https://imsdb.com/Movie Scripts/Legion Script.html
21,"LEGO Movie, The","https://imsdb.com/Movie Scripts/LEGO Movie, The Script.html"
22,Les Miserables,https://imsdb.com/Movie Scripts/Les Miserables Script.html
23,Les Tontons Flingueurs,https://imsdb.com/Movie Scripts/Les Tontons Flingueurs Script.html
24,Lethal Weapon,https://imsdb.com/Movie Scripts/Lethal Weapon Script.html
25,Lethal Weapon 4,https://imsdb.com/Movie Scripts/Lethal Weapon 4 Script.html
26,Leviathan,https://imsdb.com/Movie Scripts/Leviathan Script.html
27,Liar Liar,https://imsdb.com/Movie Scripts/Liar Liar Script.html
28,Life,https://imsdb.com/Movie Scripts/Life Script.html
29,Life As A House,https://imsdb.com/Movie Scripts/Life As A House Script.html
30,"Life of David Gale, The","https://imsdb.com/Movie Scripts/Life of David Gale, The Script.html"
31,Life of Pi,https://imsdb.com/Movie Scripts/Life of Pi Script.html
32,Light Sleeper,https://imsdb.com/Movie Scripts/Light Sleeper Script.html
33,"Limey, The","https://imsdb.com/Movie Scripts/Limey, The Script.html"
34,Limitless,https://imsdb.com/Movie Scripts/Limitless Script.html
35,Lincoln,https://imsdb.com/Movie Scripts/Lincoln Script.html
36,"Lincoln Lawyer, The","https://imsdb.com/Movie Scripts/Lincoln Lawyer, The Script.html"
37,"Lion King, The","https://imsdb.com/Movie Scripts/Lion King, The Script.html"
38,Little Athens,https://imsdb.com/Movie Scripts/Little Athens Script.html
39,Little Men,https://imsdb.com/Movie Scripts/Little Men Script.html
40,"Little Mermaid, The","https://imsdb.com/Movie Scripts/Little Mermaid, The Script.html"
41,Little Nicky,https://imsdb.com/Movie Scripts/Little Nicky Script.html
42,Living in Oblivion,https://imsdb.com/Movie Scripts/Living in Oblivion Script.html
43,"Lock, Stock and Two Smoking Barrels","https://imsdb.com/Movie Scripts/Lock, Stock and Two Smoking Barrels Script.html"
44,Logan,https://imsdb.com/Movie Scripts/Logan Script.html
45,Logan's Run,https://imsdb.com/Movie Scripts/Logan's Run Script.html
46,Lone Star,https://imsdb.com/Movie Scripts/Lone Star Script.html
47,"Long Kiss Goodnight, The","https://imsdb.com/Movie Scripts/Long Kiss Goodnight, The Script.html"
48,Looper,https://imsdb.com/Movie Scripts/Looper Script.html
49,Lord of Illusions,https://imsdb.com/Movie Scripts/Lord of Illusions Script.html
50,"Lord of the Rings: Fellowship of the Ring, The","https://imsdb.com/Movie Scripts/Lord of the Rings: Fellowship of the Ring, The Script.html"
51,Lord of the Rings: Return of the King,https://imsdb.com/Movie Scripts/Lord of the Rings: Return of the King Script.html
52,Lord of the Rings: The Two Towers,https://imsdb.com/Movie Scripts/Lord of the Rings: The Two Towers Script.html
53,Lord of War,https://imsdb.com/Movie Scripts/Lord of War Script.html
54,"Losers, The","https://imsdb.com/Movie Scripts/Losers, The Script.html"
55,Lost Highway,https://imsdb.com/Movie Scripts/Lost Highway Script.html
56,Lost Horizon,https://imsdb.com/Movie Scripts/Lost Horizon Script.html
57,Lost in Space,https://imsdb.com/Movie Scripts/Lost in Space Script.html
58,Lost in Translation,https://imsdb.com/Movie Scripts/Lost in Translation Script.html
59,Love and Basketball,https://imsdb.com/Movie Scripts/Love and Basketball Script.html
0,Machete,https://imsdb.com/Movie Scripts/Machete Script.html
1,Machine Gun Preacher,https://imsdb.com/Movie Scripts/Machine Gun Preacher Script.html
2,Mad Max 2: The Road Warrior,https://imsdb.com/Movie Scripts/Mad Max 2: The Road Warrior Script.html
3,Made,https://imsdb.com/Movie Scripts/Made Script.html
4,Magnolia,https://imsdb.com/Movie Scripts/Magnolia Script.html
5,"Majestic, The (The Bijou)","https://imsdb.com/Movie Scripts/Majestic, The (The Bijou) Script.html"
6,Major League,https://imsdb.com/Movie Scripts/Major League Script.html
7,Malcolm X,https://imsdb.com/Movie Scripts/Malcolm X Script.html
8,Malibu's Most Wanted,https://imsdb.com/Movie Scripts/Malibu's Most Wanted Script.html
9,Man in the Iron Mask,https://imsdb.com/Movie Scripts/Man in the Iron Mask Script.html
10,Man On Fire,https://imsdb.com/Movie Scripts/Man On Fire Script.html
11,Man on the Moon,https://imsdb.com/Movie Scripts/Man on the Moon Script.html
12,Man Trouble,https://imsdb.com/Movie Scripts/Man Trouble Script.html
13,"Man Who Knew Too Much, The","https://imsdb.com/Movie Scripts/Man Who Knew Too Much, The Script.html"
14,"Man Who Wasn't There, The","https://imsdb.com/Movie Scripts/Man Who Wasn't There, The Script.html"
15,"Manchurian Candidate, The","https://imsdb.com/Movie Scripts/Manchurian Candidate, The Script.html"
16,Manhattan Murder Mystery,https://imsdb.com/Movie Scripts/Manhattan Murder Mystery Script.html
17,Manhunter,https://imsdb.com/Movie Scripts/Manhunter Script.html
18,Margaret,https://imsdb.com/Movie Scripts/Margaret Script.html
19,Margin Call,https://imsdb.com/Movie Scripts/Margin Call Script.html
20,Margot at the Wedding,https://imsdb.com/Movie Scripts/Margot at the Wedding Script.html
21,"Mariachi, El","https://imsdb.com/Movie Scripts/Mariachi, El Script.html"
22,Marley & Me,https://imsdb.com/Movie Scripts/Marley %2526 Me Script.html
23,Martha Marcy May Marlene,https://imsdb.com/Movie Scripts/Martha Marcy May Marlene Script.html
24,"Martian, The","https://imsdb.com/Movie Scripts/Martian, The Script.html"
25,Marty,https://imsdb.com/Movie Scripts/Marty Script.html
26,Mary Poppins,https://imsdb.com/Movie Scripts/Mary Poppins Script.html
27,"Mask, The","https://imsdb.com/Movie Scripts/Mask, The Script.html"
28,Master and Commander,https://imsdb.com/Movie Scripts/Master and Commander Script.html
29,"Master, The","https://imsdb.com/Movie Scripts/Master, The Script.html"
30,Matchstick Men,https://imsdb.com/Movie Scripts/Matchstick Men Script.html
31,"Matrix Reloaded, The","https://imsdb.com/Movie Scripts/Matrix Reloaded, The Script.html"
32,"Matrix, The","https://imsdb.com/Movie Scripts/Matrix, The Script.html"
33,Max Payne,https://imsdb.com/Movie Scripts/Max Payne Script.html
34,Mean Streets,https://imsdb.com/Movie Scripts/Mean Streets Script.html
35,"Mechanic, The","https://imsdb.com/Movie Scripts/Mechanic, The Script.html"
36,Meet Joe Black,https://imsdb.com/Movie Scripts/Meet Joe Black Script.html
37,Meet John Doe,https://imsdb.com/Movie Scripts/Meet John Doe Script.html
38,Megamind,https://imsdb.com/Movie Scripts/Megamind Script.html
39,Memento,https://imsdb.com/Movie Scripts/Memento Script.html
40,Men in Black,https://imsdb.com/Movie Scripts/Men in Black Script.html
41,Men in Black 3,https://imsdb.com/Movie Scripts/Men in Black 3 Script.html
42,"Men Who Stare at Goats, The","https://imsdb.com/Movie Scripts/Men Who Stare at Goats, The Script.html"
43,Metro,https://imsdb.com/Movie Scripts/Metro Script.html
44,Miami Vice,https://imsdb.com/Movie Scripts/Miami Vice Script.html
45,Midnight Cowboy,https://imsdb.com/Movie Scripts/Midnight Cowboy Script.html
46,Midnight Express,https://imsdb.com/Movie Scripts/Midnight Express Script.html
47,Midnight in Paris,https://imsdb.com/Movie Scripts/Midnight in Paris Script.html
48,Mighty Joe Young,https://imsdb.com/Movie Scripts/Mighty Joe Young Script.html
49,Mighty Morphin Power Rangers: The Movie,https://imsdb.com/Movie Scripts/Mighty Morphin Power Rangers: The Movie Script.html
50,Milk,https://imsdb.com/Movie Scripts/Milk Script.html
51,Miller's Crossing,https://imsdb.com/Movie Scripts/Miller's Crossing Script.html
52,Mimic,https://imsdb.com/Movie Scripts/Mimic Script.html
53,Mini's First Time,https://imsdb.com/Movie Scripts/Mini's First Time Script.html
54,Minority Report,https://imsdb.com/Movie Scripts/Minority Report Script.html
55,"Miracle Worker, The","https://imsdb.com/Movie Scripts/Miracle Worker, The Script.html"
56,Mirrors,https://imsdb.com/Movie Scripts/Mirrors Script.html
57,Misery,https://imsdb.com/Movie Scripts/Misery Script.html
58,Mission Impossible,https://imsdb.com/Movie Scripts/Mission Impossible Script.html
59,Mission Impossible II,https://imsdb.com/Movie Scripts/Mission Impossible II Script.html
60,Mission to Mars,https://imsdb.com/Movie Scripts/Mission to Mars Script.html
61,Moneyball,https://imsdb.com/Movie Scripts/Moneyball Script.html
62,Monkeybone,https://imsdb.com/Movie Scripts/Monkeybone Script.html
63,Monster's Ball,https://imsdb.com/Movie Scripts/Monster's Ball Script.html
64,Monte Carlo,https://imsdb.com/Movie Scripts/Monte Carlo Script.html
65,Moon,https://imsdb.com/Movie Scripts/Moon Script.html
66,Moonrise Kingdom,https://imsdb.com/Movie Scripts/Moonrise Kingdom Script.html
67,Moonstruck,https://imsdb.com/Movie Scripts/Moonstruck Script.html
68,Mr Blandings Builds His Dream House,https://imsdb.com/Movie Scripts/Mr Blandings Builds His Dream House Script.html
69,Mr Brooks,https://imsdb.com/Movie Scripts/Mr Brooks Script.html
70,Mr Deeds Goes to Town,https://imsdb.com/Movie Scripts/Mr Deeds Goes to Town Script.html
71,Mr. Holland's Opus,https://imsdb.com/Movie Scripts/Mr. Holland's Opus Script.html
72,Mrs. Brown,https://imsdb.com/Movie Scripts/Mrs. Brown Script.html
73,Mud,https://imsdb.com/Movie Scripts/Mud Script.html
74,Mulan,https://imsdb.com/Movie Scripts/Mulan Script.html
75,Mulholland Drive,https://imsdb.com/Movie Scripts/Mulholland Drive Script.html
76,Mumford,https://imsdb.com/Movie Scripts/Mumford Script.html
77,"Mummy, The","https://imsdb.com/Movie Scripts/Mummy, The Script.html"
78,Music of the Heart,https://imsdb.com/Movie Scripts/Music of the Heart Script.html
79,Mute Witness,https://imsdb.com/Movie Scripts/Mute Witness Script.html
80,My Best Friend's Wedding,https://imsdb.com/Movie Scripts/My Best Friend's Wedding Script.html
81,My Girl,https://imsdb.com/Movie Scripts/My Girl Script.html
82,My Mother Dreams the Satan's Disciples in New York,https://imsdb.com/Movie Scripts/My Mother Dreams the Satan's Disciples in New York Script.html
83,My Week with Marilyn,https://imsdb.com/Movie Scripts/My Week with Marilyn Script.html
84,Mystery Men,https://imsdb.com/Movie Scripts/Mystery Men Script.html
0,Napoleon Dynamite,https://imsdb.com/Movie Scripts/Napoleon Dynamite Script.html
1,Nashville,https://imsdb.com/Movie Scripts/Nashville Script.html
2,Natural Born Killers,https://imsdb.com/Movie Scripts/Natural Born Killers Script.html
3,Never Been Kissed,https://imsdb.com/Movie Scripts/Never Been Kissed Script.html
4,"Neverending Story, The","https://imsdb.com/Movie Scripts/Neverending Story, The Script.html"
5,New York Minute,https://imsdb.com/Movie Scripts/New York Minute Script.html
6,Newsies,https://imsdb.com/Movie Scripts/Newsies Script.html
7,Next,https://imsdb.com/Movie Scripts/Next Script.html
8,Next Friday,https://imsdb.com/Movie Scripts/Next Friday Script.html
9,"Next Three Days, The","https://imsdb.com/Movie Scripts/Next Three Days, The Script.html"
10,Ni vu ni connu,https://imsdb.com/Movie Scripts/Ni vu ni connu Script.html
11,Nick of Time,https://imsdb.com/Movie Scripts/Nick of Time Script.html
12,Night Time (The Poltergeist Treatment),https://imsdb.com/Movie Scripts/Night Time (The Poltergeist Treatment) Script.html
13,Nightbreed,https://imsdb.com/Movie Scripts/Nightbreed Script.html
14,"Nightmare Before Christmas, The","https://imsdb.com/Movie Scripts/Nightmare Before Christmas, The Script.html"
15,"Nightmare Before Christmas, The","https://imsdb.com/Movie Scripts/Nightmare Before Christmas, The Script.html"
16,"Nightmare on Elm Street, A","https://imsdb.com/Movie Scripts/Nightmare on Elm Street, A Script.html"
17,Nightmare on Elm Street: The Final Chapter,https://imsdb.com/Movie Scripts/Nightmare on Elm Street: The Final Chapter Script.html
18,Nine,https://imsdb.com/Movie Scripts/Nine Script.html
19,"Nines, The","https://imsdb.com/Movie Scripts/Nines, The Script.html"
20,Ninja Assassin,https://imsdb.com/Movie Scripts/Ninja Assassin Script.html
21,Ninotchka,https://imsdb.com/Movie Scripts/Ninotchka Script.html
22,"Ninth Gate, The","https://imsdb.com/Movie Scripts/Ninth Gate, The Script.html"
23,No Country for Old Men,https://imsdb.com/Movie Scripts/No Country for Old Men Script.html
24,No Strings Attached,https://imsdb.com/Movie Scripts/No Strings Attached Script.html
25,Notting Hill,https://imsdb.com/Movie Scripts/Notting Hill Script.html
26,Nurse Betty,https://imsdb.com/Movie Scripts/Nurse Betty Script.html
0,O Brother Where Art Thou?,https://imsdb.com/Movie Scripts/O Brother Where Art Thou%3f Script.html
1,Oblivion,https://imsdb.com/Movie Scripts/Oblivion Script.html
2,Observe and Report,https://imsdb.com/Movie Scripts/Observe and Report Script.html
3,Obsessed,https://imsdb.com/Movie Scripts/Obsessed Script.html
4,Ocean's Eleven,https://imsdb.com/Movie Scripts/Ocean's Eleven Script.html
5,Ocean's Twelve,https://imsdb.com/Movie Scripts/Ocean's Twelve Script.html
6,Office Space,https://imsdb.com/Movie Scripts/Office Space Script.html
7,"Officer and a Gentleman, An","https://imsdb.com/Movie Scripts/Officer and a Gentleman, An Script.html"
8,Omega Man,https://imsdb.com/Movie Scripts/Omega Man Script.html
9,One Flew Over the Cuckoo's Nest,https://imsdb.com/Movie Scripts/One Flew Over the Cuckoo's Nest Script.html
10,Only God Forgives,https://imsdb.com/Movie Scripts/Only God Forgives Script.html
11,Ordinary People,https://imsdb.com/Movie Scripts/Ordinary People Script.html
12,Orgy of the Dead,https://imsdb.com/Movie Scripts/Orgy of the Dead Script.html
13,Orphan,https://imsdb.com/Movie Scripts/Orphan Script.html
14,"Other Boleyn Girl, The","https://imsdb.com/Movie Scripts/Other Boleyn Girl, The Script.html"
15,Out of Sight,https://imsdb.com/Movie Scripts/Out of Sight Script.html
16,Outbreak,https://imsdb.com/Movie Scripts/Outbreak Script.html
0,"Pacifier, The","https://imsdb.com/Movie Scripts/Pacifier, The Script.html"
1,Pandorum,https://imsdb.com/Movie Scripts/Pandorum Script.html
2,Panic Room,https://imsdb.com/Movie Scripts/Panic Room Script.html
3,Papadopoulos & Sons,https://imsdb.com/Movie Scripts/Papadopoulos %2526 Sons Script.html
4,ParaNorman,https://imsdb.com/Movie Scripts/ParaNorman Script.html
5,Pariah,https://imsdb.com/Movie Scripts/Pariah Script.html
6,Passengers,https://imsdb.com/Movie Scripts/Passengers Script.html
7,"Passion of Joan of Arc, The","https://imsdb.com/Movie Scripts/Passion of Joan of Arc, The Script.html"
8,"Patriot, The","https://imsdb.com/Movie Scripts/Patriot, The Script.html"
9,Paul,https://imsdb.com/Movie Scripts/Paul Script.html
10,Pearl Harbor,https://imsdb.com/Movie Scripts/Pearl Harbor Script.html
11,Peeping Tom,https://imsdb.com/Movie Scripts/Peeping Tom Script.html
12,Peggy Sue Got Married,https://imsdb.com/Movie Scripts/Peggy Sue Got Married Script.html
13,Perfect Creature,https://imsdb.com/Movie Scripts/Perfect Creature Script.html
14,"Perfect World, A","https://imsdb.com/Movie Scripts/Perfect World, A Script.html"
15,"Perks of Being a Wallflower, The","https://imsdb.com/Movie Scripts/Perks of Being a Wallflower, The Script.html"
16,Pet Sematary,https://imsdb.com/Movie Scripts/Pet Sematary Script.html
17,Pet Sematary II,https://imsdb.com/Movie Scripts/Pet Sematary II Script.html
18,Petulia,https://imsdb.com/Movie Scripts/Petulia Script.html
19,Philadelphia,https://imsdb.com/Movie Scripts/Philadelphia Script.html
20,Phone Booth,https://imsdb.com/Movie Scripts/Phone Booth Script.html
21,Pi,https://imsdb.com/Movie Scripts/Pi Script.html
22,"Pianist, The","https://imsdb.com/Movie Scripts/Pianist, The Script.html"
23,"Piano, The","https://imsdb.com/Movie Scripts/Piano, The Script.html"
24,Pineapple Express,https://imsdb.com/Movie Scripts/Pineapple Express Script.html
25,Pirates of the Caribbean,https://imsdb.com/Movie Scripts/Pirates of the Caribbean Script.html
26,Pirates of the Caribbean: Dead Man's Chest,https://imsdb.com/Movie Scripts/Pirates of the Caribbean: Dead Man's Chest Script.html
27,Pitch Black,https://imsdb.com/Movie Scripts/Pitch Black Script.html
28,"Planet of the Apes, The","https://imsdb.com/Movie Scripts/Planet of the Apes, The Script.html"
29,Platinum Blonde,https://imsdb.com/Movie Scripts/Platinum Blonde Script.html
30,Platoon,https://imsdb.com/Movie Scripts/Platoon Script.html
31,Pleasantville,https://imsdb.com/Movie Scripts/Pleasantville Script.html
32,Point Break,https://imsdb.com/Movie Scripts/Point Break Script.html
33,Pokemon: Mewtwo Returns,https://imsdb.com/Movie Scripts/Pokemon: Mewtwo Returns Script.html
34,"Postman, The","https://imsdb.com/Movie Scripts/Postman, The Script.html"
35,"Power of One, The","https://imsdb.com/Movie Scripts/Power of One, The Script.html"
36,Precious,https://imsdb.com/Movie Scripts/Precious Script.html
37,Predator,https://imsdb.com/Movie Scripts/Predator Script.html
38,"Prestige, The","https://imsdb.com/Movie Scripts/Prestige, The Script.html"
39,Pretty Woman,https://imsdb.com/Movie Scripts/Pretty Woman Script.html
40,Pretty Woman (final script),https://imsdb.com/Movie Scripts/Pretty Woman (final script) Script.html
41,Pride and Prejudice,https://imsdb.com/Movie Scripts/Pride and Prejudice Script.html
42,Priest,https://imsdb.com/Movie Scripts/Priest Script.html
43,"Princess Bride, The","https://imsdb.com/Movie Scripts/Princess Bride, The Script.html"
44,"Private Life of Sherlock Holmes, The","https://imsdb.com/Movie Scripts/Private Life of Sherlock Holmes, The Script.html"
45,"Producer, The","https://imsdb.com/Movie Scripts/Producer, The Script.html"
46,"Program, The","https://imsdb.com/Movie Scripts/Program, The Script.html"
47,Prom Night,https://imsdb.com/Movie Scripts/Prom Night Script.html
48,Prometheus,https://imsdb.com/Movie Scripts/Prometheus Script.html
49,"Prophecy, The","https://imsdb.com/Movie Scripts/Prophecy, The Script.html"
50,"Proposal, The","https://imsdb.com/Movie Scripts/Proposal, The Script.html"
51,Psycho,https://imsdb.com/Movie Scripts/Psycho Script.html
52,Public Enemies,https://imsdb.com/Movie Scripts/Public Enemies Script.html
53,Pulp Fiction,https://imsdb.com/Movie Scripts/Pulp Fiction Script.html
54,Punch-Drunk Love,https://imsdb.com/Movie Scripts/Punch-Drunk Love Script.html
55,Purple Rain,https://imsdb.com/Movie Scripts/Purple Rain Script.html
0,Quantum Project,https://imsdb.com/Movie Scripts/Quantum Project Script.html
1,Queen of the Damned,https://imsdb.com/Movie Scripts/Queen of the Damned Script.html
2,"Queen, The","https://imsdb.com/Movie Scripts/Queen, The Script.html"
0,Rachel Getting Married,https://imsdb.com/Movie Scripts/Rachel Getting Married Script.html
1,Raging Bull,https://imsdb.com/Movie Scripts/Raging Bull Script.html
2,Raising Arizona,https://imsdb.com/Movie Scripts/Raising Arizona Script.html
3,Rambling Rose,https://imsdb.com/Movie Scripts/Rambling Rose Script.html
4,Rambo: First Blood II: The Mission,https://imsdb.com/Movie Scripts/Rambo: First Blood II: The Mission Script.html
5,"Reader, The","https://imsdb.com/Movie Scripts/Reader, The Script.html"
6,Real Genius,https://imsdb.com/Movie Scripts/Real Genius Script.html
7,Rear Window,https://imsdb.com/Movie Scripts/Rear Window Script.html
8,Rebel Without A Cause,https://imsdb.com/Movie Scripts/Rebel Without A Cause Script.html
9,Red Planet,https://imsdb.com/Movie Scripts/Red Planet Script.html
10,Red Riding Hood,https://imsdb.com/Movie Scripts/Red Riding Hood Script.html
11,Reindeer Games,https://imsdb.com/Movie Scripts/Reindeer Games Script.html
12,"Relic, The","https://imsdb.com/Movie Scripts/Relic, The Script.html"
13,Remember Me,https://imsdb.com/Movie Scripts/Remember Me Script.html
14,"Replacements, The","https://imsdb.com/Movie Scripts/Replacements, The Script.html"
15,Repo Man,https://imsdb.com/Movie Scripts/Repo Man Script.html
16,"Rescuers Down Under, The","https://imsdb.com/Movie Scripts/Rescuers Down Under, The Script.html"
17,Reservoir Dogs,https://imsdb.com/Movie Scripts/Reservoir Dogs Script.html
18,Resident Evil,https://imsdb.com/Movie Scripts/Resident Evil Script.html
19,Return of the Apes,https://imsdb.com/Movie Scripts/Return of the Apes Script.html
20,"Revenant, The","https://imsdb.com/Movie Scripts/Revenant, The Script.html"
21,Revolutionary Road,https://imsdb.com/Movie Scripts/Revolutionary Road Script.html
22,Ringu,https://imsdb.com/Movie Scripts/Ringu Script.html
23,Rise of the Guardians,https://imsdb.com/Movie Scripts/Rise of the Guardians Script.html
24,Rise of the Planet of the Apes,https://imsdb.com/Movie Scripts/Rise of the Planet of the Apes Script.html
25,RKO 281,https://imsdb.com/Movie Scripts/RKO 281 Script.html
26,"Road, The","https://imsdb.com/Movie Scripts/Road, The Script.html"
27,Robin Hood: Prince of Thieves,https://imsdb.com/Movie Scripts/Robin Hood: Prince of Thieves Script.html
28,Robocop,https://imsdb.com/Movie Scripts/Robocop Script.html
29,"Rock, The","https://imsdb.com/Movie Scripts/Rock, The Script.html"
30,RocknRolla,https://imsdb.com/Movie Scripts/RocknRolla Script.html
31,Rocky,https://imsdb.com/Movie Scripts/Rocky Script.html
32,"Rocky Horror Picture Show, The","https://imsdb.com/Movie Scripts/Rocky Horror Picture Show, The Script.html"
33,Romeo & Juliet,https://imsdb.com/Movie Scripts/Romeo %2526 Juliet Script.html
34,Ronin,https://imsdb.com/Movie Scripts/Ronin Script.html
35,Room,https://imsdb.com/Movie Scripts/Room Script.html
36,"Roommate, The","https://imsdb.com/Movie Scripts/Roommate, The Script.html"
37,Roughshod,https://imsdb.com/Movie Scripts/Roughshod Script.html
38,"Ruins, The","https://imsdb.com/Movie Scripts/Ruins, The Script.html"
39,Runaway Bride,https://imsdb.com/Movie Scripts/Runaway Bride Script.html
40,Rush,https://imsdb.com/Movie Scripts/Rush Script.html
41,Rush Hour,https://imsdb.com/Movie Scripts/Rush Hour Script.html
42,Rush Hour 2,https://imsdb.com/Movie Scripts/Rush Hour 2 Script.html
43,Rushmore,https://imsdb.com/Movie Scripts/Rushmore Script.html
44,Rust and Bone,https://imsdb.com/Movie Scripts/Rust and Bone Script.html
0,S. Darko,https://imsdb.com/Movie Scripts/S. Darko Script.html
1,"Saint, The","https://imsdb.com/Movie Scripts/Saint, The Script.html"
2,"Salton Sea, The","https://imsdb.com/Movie Scripts/Salton Sea, The Script.html"
3,"Sandlot Kids, The","https://imsdb.com/Movie Scripts/Sandlot Kids, The Script.html"
4,Save the Last Dance,https://imsdb.com/Movie Scripts/Save the Last Dance Script.html
5,Saving Mr. Banks,https://imsdb.com/Movie Scripts/Saving Mr. Banks Script.html
6,Saving Private Ryan,https://imsdb.com/Movie Scripts/Saving Private Ryan Script.html
7,Saw,https://imsdb.com/Movie Scripts/Saw Script.html
8,Scarface,https://imsdb.com/Movie Scripts/Scarface Script.html
9,Scary Movie 2,https://imsdb.com/Movie Scripts/Scary Movie 2 Script.html
10,Schindler's List,https://imsdb.com/Movie Scripts/Schindler's List Script.html
11,Scott Pilgrim vs the World,https://imsdb.com/Movie Scripts/Scott Pilgrim vs the World Script.html
12,Scream,https://imsdb.com/Movie Scripts/Scream Script.html
13,Scream 2,https://imsdb.com/Movie Scripts/Scream 2 Script.html
14,Scream 3,https://imsdb.com/Movie Scripts/Scream 3 Script.html
15,Se7en,https://imsdb.com/Movie Scripts/Se7en Script.html
16,"Searchers, The","https://imsdb.com/Movie Scripts/Searchers, The Script.html"
17,"Secret Life of Walter Mitty, The","https://imsdb.com/Movie Scripts/Secret Life of Walter Mitty, The Script.html"
18,Semi-Pro,https://imsdb.com/Movie Scripts/Semi-Pro Script.html
19,Sense and Sensibility,https://imsdb.com/Movie Scripts/Sense and Sensibility Script.html
20,Serenity,https://imsdb.com/Movie Scripts/Serenity Script.html
21,Serial Mom,https://imsdb.com/Movie Scripts/Serial Mom Script.html
22,"Sessions, The","https://imsdb.com/Movie Scripts/Sessions, The Script.html"
23,"Seventh Seal, The","https://imsdb.com/Movie Scripts/Seventh Seal, The Script.html"
24,Sex and the City,https://imsdb.com/Movie Scripts/Sex and the City Script.html
25,"Sex, Lies and Videotape","https://imsdb.com/Movie Scripts/Sex, Lies and Videotape Script.html"
26,Sexual Life,https://imsdb.com/Movie Scripts/Sexual Life Script.html
27,Shadow of the Vampire,https://imsdb.com/Movie Scripts/Shadow of the Vampire Script.html
28,Shakespeare in Love,https://imsdb.com/Movie Scripts/Shakespeare in Love Script.html
29,Shallow Grave,https://imsdb.com/Movie Scripts/Shallow Grave Script.html
30,Shame,https://imsdb.com/Movie Scripts/Shame Script.html
31,Shampoo,https://imsdb.com/Movie Scripts/Shampoo Script.html
32,"Shawshank Redemption, The","https://imsdb.com/Movie Scripts/Shawshank Redemption, The Script.html"
33,She's Out of My League,https://imsdb.com/Movie Scripts/She's Out of My League Script.html
34,Sherlock Holmes,https://imsdb.com/Movie Scripts/Sherlock Holmes Script.html
35,Shifty,https://imsdb.com/Movie Scripts/Shifty Script.html
36,"Shining, The","https://imsdb.com/Movie Scripts/Shining, The Script.html"
37,"Shipping News, The","https://imsdb.com/Movie Scripts/Shipping News, The Script.html"
38,Shivers,https://imsdb.com/Movie Scripts/Shivers Script.html
39,Shrek,https://imsdb.com/Movie Scripts/Shrek Script.html
40,Shrek the Third,https://imsdb.com/Movie Scripts/Shrek the Third Script.html
41,Sicario,https://imsdb.com/Movie Scripts/Sicario Script.html
42,Sideways,https://imsdb.com/Movie Scripts/Sideways Script.html
43,"Siege, The","https://imsdb.com/Movie Scripts/Siege, The Script.html"
44,Signs,https://imsdb.com/Movie Scripts/Signs Script.html
45,Silence of the Lambs,https://imsdb.com/Movie Scripts/Silence of the Lambs Script.html
46,Silver Bullet,https://imsdb.com/Movie Scripts/Silver Bullet Script.html
47,Silver Linings Playbook,https://imsdb.com/Movie Scripts/Silver Linings Playbook Script.html
48,Simone,https://imsdb.com/Movie Scripts/Simone Script.html
49,Single White Female,https://imsdb.com/Movie Scripts/Single White Female Script.html
50,Sister Act,https://imsdb.com/Movie Scripts/Sister Act Script.html
51,Six Degrees of Separation,https://imsdb.com/Movie Scripts/Six Degrees of Separation Script.html
52,"Sixth Sense, The","https://imsdb.com/Movie Scripts/Sixth Sense, The Script.html"
53,Sleepless in Seattle,https://imsdb.com/Movie Scripts/Sleepless in Seattle Script.html
54,Sleepy Hollow,https://imsdb.com/Movie Scripts/Sleepy Hollow Script.html
55,Sling Blade,https://imsdb.com/Movie Scripts/Sling Blade Script.html
56,Slither,https://imsdb.com/Movie Scripts/Slither Script.html
57,Slumdog Millionaire,https://imsdb.com/Movie Scripts/Slumdog Millionaire Script.html
58,Smashed,https://imsdb.com/Movie Scripts/Smashed Script.html
59,Smokin' Aces,https://imsdb.com/Movie Scripts/Smokin' Aces Script.html
60,Snatch,https://imsdb.com/Movie Scripts/Snatch Script.html
61,Sneakers,https://imsdb.com/Movie Scripts/Sneakers Script.html
62,Snow Falling On Cedars,https://imsdb.com/Movie Scripts/Snow Falling On Cedars Script.html
63,Snow White and the Huntsman,https://imsdb.com/Movie Scripts/Snow White and the Huntsman Script.html
64,So I Married an Axe Murderer,https://imsdb.com/Movie Scripts/So I Married an Axe Murderer Script.html
65,"Social Network, The","https://imsdb.com/Movie Scripts/Social Network, The Script.html"
66,Solaris,https://imsdb.com/Movie Scripts/Solaris Script.html
67,Soldier,https://imsdb.com/Movie Scripts/Soldier Script.html
68,Someone To Watch Over Me,https://imsdb.com/Movie Scripts/Someone To Watch Over Me Script.html
69,Something's Gotta Give,https://imsdb.com/Movie Scripts/Something's Gotta Give Script.html
70,Source Code,https://imsdb.com/Movie Scripts/Source Code Script.html
71,South Park,https://imsdb.com/Movie Scripts/South Park Script.html
72,Space Milkshake,https://imsdb.com/Movie Scripts/Space Milkshake Script.html
73,Spanglish,https://imsdb.com/Movie Scripts/Spanglish Script.html
74,Spare Me,https://imsdb.com/Movie Scripts/Spare Me Script.html
75,Spartan,https://imsdb.com/Movie Scripts/Spartan Script.html
76,Speed,https://imsdb.com/Movie Scripts/Speed Script.html
77,Speed Racer,https://imsdb.com/Movie Scripts/Speed Racer Script.html
78,Sphere,https://imsdb.com/Movie Scripts/Sphere Script.html
79,Spider-Man,https://imsdb.com/Movie Scripts/Spider-Man Script.html
80,St. Elmo's Fire,https://imsdb.com/Movie Scripts/St. Elmo's Fire Script.html
81,Star Trek,https://imsdb.com/Movie Scripts/Star Trek Script.html
82,Star Trek II: The Wrath of Khan,https://imsdb.com/Movie Scripts/Star Trek II: The Wrath of Khan Script.html
83,Star Trek: First Contact,https://imsdb.com/Movie Scripts/Star Trek: First Contact Script.html
84,Star Trek: Generations,https://imsdb.com/Movie Scripts/Star Trek: Generations Script.html
85,Star Trek: Nemesis,https://imsdb.com/Movie Scripts/Star Trek: Nemesis Script.html
86,Star Trek: The Motion Picture,https://imsdb.com/Movie Scripts/Star Trek: The Motion Picture Script.html
87,Star Wars: A New Hope,https://imsdb.com/Movie Scripts/Star Wars: A New Hope Script.html
88,Star Wars: Attack of the Clones,https://imsdb.com/Movie Scripts/Star Wars: Attack of the Clones Script.html
89,Star Wars: Return of the Jedi,https://imsdb.com/Movie Scripts/Star Wars: Return of the Jedi Script.html
90,Star Wars: Revenge of the Sith,https://imsdb.com/Movie Scripts/Star Wars: Revenge of the Sith Script.html
91,Star Wars: The Empire Strikes Back,https://imsdb.com/Movie Scripts/Star Wars: The Empire Strikes Back Script.html
92,Star Wars: The Force Awakens,https://imsdb.com/Movie Scripts/Star Wars: The Force Awakens Script.html
93,Star Wars: The Phantom Menace,https://imsdb.com/Movie Scripts/Star Wars: The Phantom Menace Script.html
94,Starman,https://imsdb.com/Movie Scripts/Starman Script.html
95,Starship Troopers,https://imsdb.com/Movie Scripts/Starship Troopers Script.html
96,State and Main,https://imsdb.com/Movie Scripts/State and Main Script.html
97,Station West,https://imsdb.com/Movie Scripts/Station West Script.html
98,Stepmom,https://imsdb.com/Movie Scripts/Stepmom Script.html
99,"Sting, The","https://imsdb.com/Movie Scripts/Sting, The Script.html"
100,Stir of Echoes,https://imsdb.com/Movie Scripts/Stir of Echoes Script.html
101,Storytelling,https://imsdb.com/Movie Scripts/Storytelling Script.html
102,Straight Outta Compton,https://imsdb.com/Movie Scripts/Straight Outta Compton Script.html
103,Strange Days,https://imsdb.com/Movie Scripts/Strange Days Script.html
104,Strangers on a Train,https://imsdb.com/Movie Scripts/Strangers on a Train Script.html
105,"Stuntman, The","https://imsdb.com/Movie Scripts/Stuntman, The Script.html"
106,Sugar,https://imsdb.com/Movie Scripts/Sugar Script.html
107,Sugar and Spice,https://imsdb.com/Movie Scripts/Sugar and Spice Script.html
108,Sunset Blvd.,https://imsdb.com/Movie Scripts/Sunset Blvd. Script.html
109,Sunshine Cleaning,https://imsdb.com/Movie Scripts/Sunshine Cleaning Script.html
110,Super 8,https://imsdb.com/Movie Scripts/Super 8 Script.html
111,Superbad,https://imsdb.com/Movie Scripts/Superbad Script.html
112,Superfights,https://imsdb.com/Movie Scripts/Superfights Script.html
113,Supergirl,https://imsdb.com/Movie Scripts/Supergirl Script.html
114,"Surfer King, The","https://imsdb.com/Movie Scripts/Surfer King, The Script.html"
115,Surrogates,https://imsdb.com/Movie Scripts/Surrogates Script.html
116,Suspect Zero,https://imsdb.com/Movie Scripts/Suspect Zero Script.html
117,Sweeney Todd: The Demon Barber of Fleet Street,https://imsdb.com/Movie Scripts/Sweeney Todd: The Demon Barber of Fleet Street Script.html
118,"Sweet Hereafter, The","https://imsdb.com/Movie Scripts/Sweet Hereafter, The Script.html"
119,Sweet Smell of Success,https://imsdb.com/Movie Scripts/Sweet Smell of Success Script.html
120,Swingers,https://imsdb.com/Movie Scripts/Swingers Script.html
121,Swordfish,https://imsdb.com/Movie Scripts/Swordfish Script.html
122,"Synecdoche, New York","https://imsdb.com/Movie Scripts/Synecdoche, New York Script.html"
123,Syriana,https://imsdb.com/Movie Scripts/Syriana Script.html
0,Take Shelter,https://imsdb.com/Movie Scripts/Take Shelter Script.html
1,Taking Lives,https://imsdb.com/Movie Scripts/Taking Lives Script.html
2,"Taking of Pelham One Two Three, The","https://imsdb.com/Movie Scripts/Taking of Pelham One Two Three, The Script.html"
3,Taking Sides,https://imsdb.com/Movie Scripts/Taking Sides Script.html
4,"Talented Mr. Ripley, The","https://imsdb.com/Movie Scripts/Talented Mr. Ripley, The Script.html"
5,Tall in the Saddle,https://imsdb.com/Movie Scripts/Tall in the Saddle Script.html
6,Tamara Drewe,https://imsdb.com/Movie Scripts/Tamara Drewe Script.html
7,Taxi Driver,https://imsdb.com/Movie Scripts/Taxi Driver Script.html
8,Ted,https://imsdb.com/Movie Scripts/Ted Script.html
9,Terminator,https://imsdb.com/Movie Scripts/Terminator Script.html
10,Terminator 2: Judgement Day,https://imsdb.com/Movie Scripts/Terminator 2: Judgement Day Script.html
11,Terminator Salvation,https://imsdb.com/Movie Scripts/Terminator Salvation Script.html
12,The Rage: Carrie 2,https://imsdb.com/Movie Scripts/The Rage: Carrie 2 Script.html
13,Thelma & Louise,https://imsdb.com/Movie Scripts/Thelma %2526 Louise Script.html
14,"Theory of Everything, The","https://imsdb.com/Movie Scripts/Theory of Everything, The Script.html"
15,There's Something About Mary,https://imsdb.com/Movie Scripts/There's Something About Mary Script.html
16,They,https://imsdb.com/Movie Scripts/They Script.html
17,"Thing, The","https://imsdb.com/Movie Scripts/Thing, The Script.html"
18,"Things My Father Never Taught Me, The","https://imsdb.com/Movie Scripts/Things My Father Never Taught Me, The Script.html"
19,Thirteen Days,https://imsdb.com/Movie Scripts/Thirteen Days Script.html
20,This Boy's Life,https://imsdb.com/Movie Scripts/This Boy's Life Script.html
21,This is 40,https://imsdb.com/Movie Scripts/This is 40 Script.html
22,Thor,https://imsdb.com/Movie Scripts/Thor Script.html
23,Thor Ragnarok,https://imsdb.com/Movie Scripts/Thor Ragnarok Script.html
24,Three Kings,https://imsdb.com/Movie Scripts/Three Kings Script.html
25,Three Kings (Spoils of War),https://imsdb.com/Movie Scripts/Three Kings (Spoils of War) Script.html
26,Three Men and a Baby,https://imsdb.com/Movie Scripts/Three Men and a Baby Script.html
27,"Three Musketeers, The","https://imsdb.com/Movie Scripts/Three Musketeers, The Script.html"
28,Thunderbirds,https://imsdb.com/Movie Scripts/Thunderbirds Script.html
29,Thunderheart,https://imsdb.com/Movie Scripts/Thunderheart Script.html
30,Ticker,https://imsdb.com/Movie Scripts/Ticker Script.html
31,Timber Falls,https://imsdb.com/Movie Scripts/Timber Falls Script.html
32,"Time Machine, The","https://imsdb.com/Movie Scripts/Time Machine, The Script.html"
33,Tin Cup,https://imsdb.com/Movie Scripts/Tin Cup Script.html
34,Tin Men,https://imsdb.com/Movie Scripts/Tin Men Script.html
35,Tinker Tailor Soldier Spy,https://imsdb.com/Movie Scripts/Tinker Tailor Soldier Spy Script.html
36,Titanic,https://imsdb.com/Movie Scripts/Titanic Script.html
37,TMNT,https://imsdb.com/Movie Scripts/TMNT Script.html
38,To Sleep with Anger,https://imsdb.com/Movie Scripts/To Sleep with Anger Script.html
39,Tombstone,https://imsdb.com/Movie Scripts/Tombstone Script.html
40,Tomorrow Never Dies,https://imsdb.com/Movie Scripts/Tomorrow Never Dies Script.html
41,Top Gun,https://imsdb.com/Movie Scripts/Top Gun Script.html
42,Total Recall,https://imsdb.com/Movie Scripts/Total Recall Script.html
43,"Tourist, The","https://imsdb.com/Movie Scripts/Tourist, The Script.html"
44,Toy Story,https://imsdb.com/Movie Scripts/Toy Story Script.html
45,Traffic,https://imsdb.com/Movie Scripts/Traffic Script.html
46,Training Day,https://imsdb.com/Movie Scripts/Training Day Script.html
47,Trainspotting,https://imsdb.com/Movie Scripts/Trainspotting Script.html
48,Transformers: The Movie,https://imsdb.com/Movie Scripts/Transformers: The Movie Script.html
49,Tremors,https://imsdb.com/Movie Scripts/Tremors Script.html
50,Tristan and Isolde,https://imsdb.com/Movie Scripts/Tristan and Isolde Script.html
51,TRON,https://imsdb.com/Movie Scripts/TRON Script.html
52,TRON: Legacy,https://imsdb.com/Movie Scripts/TRON: Legacy Script.html
53,Tropic Thunder,https://imsdb.com/Movie Scripts/Tropic Thunder Script.html
54,Troy,https://imsdb.com/Movie Scripts/Troy Script.html
55,True Grit,https://imsdb.com/Movie Scripts/True Grit Script.html
56,True Lies,https://imsdb.com/Movie Scripts/True Lies Script.html
57,True Romance,https://imsdb.com/Movie Scripts/True Romance Script.html
58,"Truman Show, The","https://imsdb.com/Movie Scripts/Truman Show, The Script.html"
59,Twilight,https://imsdb.com/Movie Scripts/Twilight Script.html
60,Twilight: New Moon,https://imsdb.com/Movie Scripts/Twilight: New Moon Script.html
61,Twin Peaks,https://imsdb.com/Movie Scripts/Twin Peaks Script.html
62,Twins,https://imsdb.com/Movie Scripts/Twins Script.html
63,Twister,https://imsdb.com/Movie Scripts/Twister Script.html
64,Two For The Money,https://imsdb.com/Movie Scripts/Two For The Money Script.html
0,U Turn,https://imsdb.com/Movie Scripts/U Turn Script.html
1,"Ugly Truth, The","https://imsdb.com/Movie Scripts/Ugly Truth, The Script.html"
2,Un Singe en Hiver,https://imsdb.com/Movie Scripts/Un Singe en Hiver Script.html
3,Unbreakable,https://imsdb.com/Movie Scripts/Unbreakable Script.html
4,Under Fire,https://imsdb.com/Movie Scripts/Under Fire Script.html
5,Unforgiven,https://imsdb.com/Movie Scripts/Unforgiven Script.html
6,Unknown,https://imsdb.com/Movie Scripts/Unknown Script.html
7,Up,https://imsdb.com/Movie Scripts/Up Script.html
8,Up in the Air,https://imsdb.com/Movie Scripts/Up in the Air Script.html
9,"Usual Suspects, The","https://imsdb.com/Movie Scripts/Usual Suspects, The Script.html"
0,V for Vendetta,https://imsdb.com/Movie Scripts/V for Vendetta Script.html
1,Valentine's Day,https://imsdb.com/Movie Scripts/Valentine's Day Script.html
2,Valkyrie,https://imsdb.com/Movie Scripts/Valkyrie Script.html
3,Vanilla Sky,https://imsdb.com/Movie Scripts/Vanilla Sky Script.html
4,"Verdict, The","https://imsdb.com/Movie Scripts/Verdict, The Script.html"
5,Vertigo,https://imsdb.com/Movie Scripts/Vertigo Script.html
6,Very Bad Things,https://imsdb.com/Movie Scripts/Very Bad Things Script.html
7,"Village, The","https://imsdb.com/Movie Scripts/Village, The Script.html"
8,Virtuosity,https://imsdb.com/Movie Scripts/Virtuosity Script.html
9,"Visitor, The","https://imsdb.com/Movie Scripts/Visitor, The Script.html"
0,Wag the Dog,https://imsdb.com/Movie Scripts/Wag the Dog Script.html
1,"Walk to Remember, A","https://imsdb.com/Movie Scripts/Walk to Remember, A Script.html"
2,Walking Tall,https://imsdb.com/Movie Scripts/Walking Tall Script.html
3,Wall Street,https://imsdb.com/Movie Scripts/Wall Street Script.html
4,Wall Street: Money Never Sleeps,https://imsdb.com/Movie Scripts/Wall Street: Money Never Sleeps Script.html
5,Wall-E,https://imsdb.com/Movie Scripts/Wall-E Script.html
6,Wanted,https://imsdb.com/Movie Scripts/Wanted Script.html
7,War for the Planet of the Apes,https://imsdb.com/Movie Scripts/War for the Planet of the Apes Script.html
8,War Horse,https://imsdb.com/Movie Scripts/War Horse Script.html
9,War of the Worlds,https://imsdb.com/Movie Scripts/War of the Worlds Script.html
10,Warm Springs,https://imsdb.com/Movie Scripts/Warm Springs Script.html
11,Warrior,https://imsdb.com/Movie Scripts/Warrior Script.html
12,Watchmen,https://imsdb.com/Movie Scripts/Watchmen Script.html
13,Water for Elephants,https://imsdb.com/Movie Scripts/Water for Elephants Script.html
14,"Way Back, The","https://imsdb.com/Movie Scripts/Way Back, The Script.html"
15,We Own the Night,https://imsdb.com/Movie Scripts/We Own the Night Script.html
16,What About Bob?,https://imsdb.com/Movie Scripts/What About Bob%3f Script.html
17,What Lies Beneath,https://imsdb.com/Movie Scripts/What Lies Beneath Script.html
18,When a Stranger Calls,https://imsdb.com/Movie Scripts/When a Stranger Calls Script.html
19,When Harry Met Sally,https://imsdb.com/Movie Scripts/When Harry Met Sally Script.html
20,While She Was Out,https://imsdb.com/Movie Scripts/While She Was Out Script.html
21,"Whistleblower, The","https://imsdb.com/Movie Scripts/Whistleblower, The Script.html"
22,White Christmas,https://imsdb.com/Movie Scripts/White Christmas Script.html
23,White Jazz,https://imsdb.com/Movie Scripts/White Jazz Script.html
24,"White Ribbon, The","https://imsdb.com/Movie Scripts/White Ribbon, The Script.html"
25,White Squall,https://imsdb.com/Movie Scripts/White Squall Script.html
26,Whiteout,https://imsdb.com/Movie Scripts/Whiteout Script.html
27,Who Framed Roger Rabbit?,https://imsdb.com/Movie Scripts/Who Framed Roger Rabbit%3f Script.html
28,Who's Your Daddy,https://imsdb.com/Movie Scripts/Who's Your Daddy Script.html
29,Wild At Heart,https://imsdb.com/Movie Scripts/Wild At Heart Script.html
30,"Wild Bunch, The","https://imsdb.com/Movie Scripts/Wild Bunch, The Script.html"
31,Wild Hogs,https://imsdb.com/Movie Scripts/Wild Hogs Script.html
32,Wild Things,https://imsdb.com/Movie Scripts/Wild Things Script.html
33,Wild Things: Diamonds in the Rough,https://imsdb.com/Movie Scripts/Wild Things: Diamonds in the Rough Script.html
34,Wild Wild West,https://imsdb.com/Movie Scripts/Wild Wild West Script.html
35,Willow,https://imsdb.com/Movie Scripts/Willow Script.html
36,Win Win,https://imsdb.com/Movie Scripts/Win Win Script.html
37,Wind Chill,https://imsdb.com/Movie Scripts/Wind Chill Script.html
38,Withnail and I,https://imsdb.com/Movie Scripts/Withnail and I Script.html
39,Witness,https://imsdb.com/Movie Scripts/Witness Script.html
40,"Wizard of Oz, The","https://imsdb.com/Movie Scripts/Wizard of Oz, The Script.html"
41,"Wolf of Wall Street, The","https://imsdb.com/Movie Scripts/Wolf of Wall Street, The Script.html"
42,Wonder Boys,https://imsdb.com/Movie Scripts/Wonder Boys Script.html
43,Wonder Woman,https://imsdb.com/Movie Scripts/Wonder Woman Script.html
44,"Woodsman, The","https://imsdb.com/Movie Scripts/Woodsman, The Script.html"
45,"World is not Enough, The","https://imsdb.com/Movie Scripts/World is not Enough, The Script.html"
46,"Wrestler, The","https://imsdb.com/Movie Scripts/Wrestler, The Script.html"
0,"X-Files: Fight the Future, The","https://imsdb.com/Movie Scripts/X-Files: Fight the Future, The Script.html"
1,X-Men,https://imsdb.com/Movie Scripts/X-Men Script.html
2,X-Men Origins: Wolverine,https://imsdb.com/Movie Scripts/X-Men Origins: Wolverine Script.html
3,xXx,https://imsdb.com/Movie Scripts/xXx Script.html
0,Year One,https://imsdb.com/Movie Scripts/Year One Script.html
1,Yes Man,https://imsdb.com/Movie Scripts/Yes Man Script.html
2,You Can Count On Me,https://imsdb.com/Movie Scripts/You Can Count On Me Script.html
3,You've Got Mail,https://imsdb.com/Movie Scripts/You've Got Mail Script.html
4,Youth in Revolt,https://imsdb.com/Movie Scripts/Youth in Revolt Script.html
0,Zero Dark Thirty,https://imsdb.com/Movie Scripts/Zero Dark Thirty Script.html
1,Zerophilia,https://imsdb.com/Movie Scripts/Zerophilia Script.html
2,Zootopia,https://imsdb.com/Movie Scripts/Zootopia Script.html
0,10 Things I Hate About You,https://imsdb.com/Movie Scripts/10 Things I Hate About You Script.html
1,12,https://imsdb.com/Movie Scripts/12 Script.html
2,12 and Holding,https://imsdb.com/Movie Scripts/12 and Holding Script.html
3,12 Monkeys,https://imsdb.com/Movie Scripts/12 Monkeys Script.html
4,12 Years a Slave,https://imsdb.com/Movie Scripts/12 Years a Slave Script.html
5,127 Hours,https://imsdb.com/Movie Scripts/127 Hours Script.html
6,1492: Conquest of Paradise,https://imsdb.com/Movie Scripts/1492: Conquest of Paradise Script.html
7,15 Minutes,https://imsdb.com/Movie Scripts/15 Minutes Script.html
8,17 Again,https://imsdb.com/Movie Scripts/17 Again Script.html
9,187,https://imsdb.com/Movie Scripts/187 Script.html
10,2001: A Space Odyssey,https://imsdb.com/Movie Scripts/2001: A Space Odyssey Script.html
11,2012,https://imsdb.com/Movie Scripts/2012 Script.html
12,25th Hour,https://imsdb.com/Movie Scripts/25th Hour Script.html
13,28 Days Later,https://imsdb.com/Movie Scripts/28 Days Later Script.html
14,30 Minutes or Less,https://imsdb.com/Movie Scripts/30 Minutes or Less Script.html
15,42,https://imsdb.com/Movie Scripts/42 Script.html
16,44 Inch Chest,https://imsdb.com/Movie Scripts/44 Inch Chest Script.html
17,48 Hrs.,https://imsdb.com/Movie Scripts/48 Hrs. Script.html
18,50-50,https://imsdb.com/Movie Scripts/50-50 Script.html
19,500 Days of Summer,https://imsdb.com/Movie Scripts/500 Days of Summer Script.html
20,8 Mile,https://imsdb.com/Movie Scripts/8 Mile Script.html
21,8MM,https://imsdb.com/Movie Scripts/8MM Script.html
22,9,https://imsdb.com/Movie Scripts/9 Script.html
