,Episode Title,Script
0,"Good News, Bad News",
1,The Stakeout,
2,The Robbery,
3,Male Unbonding,
4,The Stock Tip,
5,The Ex-Girlfriend,
6,The Pony Remark,
7,The Jacket,
8,The Phone Message,
9,The Apartment,
10,The Statue,
11,The Revenge,
12,The Heart Attack,
13,The Deal,
14,The Baby Shower,
15,The Chinese Restaurant,
16,The Busboy,
17,The Note,
18,The Truth,
19,The Pen,
20,The Dog,
21,The Library,
22,The Parking Garage,
23,The Cafe,
24,The Tape,
25,The Nose Job,
26,The Stranded,
27,The Alternate Side,
28,The Red Dot,
29,The Subway,
30,The Pez Dispenser,
31,The Suicide,
32,The Fix-Up,
33,The Boyfriend Part 1,
34,The Boyfriend Part 2,
35,The Limo,
36,The Good Samaritan,
37,The Letter,
38,The Parking Space,
39,The Keys,
40,The Trip Part 1,
41,The Trip Part 2,
42,The Pitch,
43,The Ticket,
44,The Wallet,
45,The Watch,
46,The Bubble Boy,
47,The Cheever Letters,
48,The Opera,
49,The Virgin,
50,The Contest,
51,The Airport,
52,The Pick,
53,The Movie,
54,The Visa,
55,The Shoes,
56,The Outing,
57,The Old Man,
58,The Implant,
59,The Junior Mint,
60,The Smelly Car,
61,The Handicap Spot,
62,The Pilot Part 1,
63,The Pilot Part 2,
64,The Mango,
65,The Puffy Shirt,
66,The Glasses,
67,The Sniffing Accountant,
68,The Bris,
69,The Lip Reader,
70,The Non-Fat Yogurt,
71,The Barber,
72,The Masseuse,
73,The Cigar Store Indian,
74,The Conversion,
75,The Stall,
76,The Dinner Party,
77,The Marine Biologist,
78,The Pie,
79,The Stand-In,
80,The Wife,
81,The Raincoats Part 1,
82,The Raincoats Part 2,
83,The Fire,
84,The Hamptons,
85,The Opposite,
86,The Chaperone,
87,The Big Salad,
88,The Pledge Drive,
89,The Chinese Woman,
90,The Couch,
91,The Gymnast,
92,The Mom And Pop Store,
93,The Soup,
94,The Secretary,
95,The Switch,
96,The Label Maker,
97,The Race,
98,The Scofflaw,
99,The Kiss Hello,
100,The Beard,
101,The Doorman,
102,The Jimmy,
103,The Doodle,
104,The Fusilli Jerry,
105,The Diplomat's Club,
106,The Understudy,
107,The Face Painter,
108,The Engagement,
109,The Postponement,
110,The Maestro,
111,The Wink,
112,The Hot Tub,
113,The Soup Nazi,
114,The Secret Code,
115,The Pool Guy,
116,The Sponge,
117,The Gum,
118,The Rye,
119,The Caddy,
120,The Seven,
121,The Cadillac Part 1,
122,The Cadillac Part 2,
123,The Shower Head,
124,The Doll,
125,The Friars Club,
126,The Wig Master,
127,The Calzone,
128,The Bottle Deposit Part 1,
129,The Bottle Deposit Part 2,
130,The Wait Out,
131,The Invitations,
132,The Foundation,
133,The Soul Mate,
134,The Bizarro Jerry,
135,The Little Kicks,
136,The Package,
137,The Fatigues,
138,The Checks,
139,The Chicken Roaster,
140,The Abstinence,
141,The Andrea Doria,
142,The Little Jerry,
143,The Money,
144,The Comeback,
145,The Van Buren Boys,
146,The Susie,
147,The Pothole,
148,The English Patient,
149,The Nap,
150,The Yada Yada,
151,The Millennium,
152,The Muffin Tops,
153,The Summer of George,
154,The Butter Shave,
155,The Voice,
156,The Serenity Now,
157,The Blood,
158,The Junk Mail,
159,The Merv Griffin Show,
160,The Slicer,
161,The Betrayal,
162,The Apology,
163,The Strike,
164,The Dealership,
165,The Reverse Peephole,
166,The Cartoon,
167,The Strong Box,
168,The Wizard,
169,The Burning,
170,The Bookstore,
171,The Frogger,
172,The Maid,
173,The Puerto Rican Day,
174,The Finale Part 1,
175,The Finale Part 2,
